municipality,county,number_taxpayers,tax_type,year,quarter,general_merchandise,food,drinking_and_eating_places,apparel,furniture_and_hh_and_radio,lumber_bldg_hardware,automotive_and_filling_stations,drugs_and_misc_retail,agriculture_and_all_others,manufacturers,total
Chicago,Cook County,27776,ST,1999,3,16705752.05,10852723.49,41165599.02,14146355.68,9921748.35,8074102.18,30431330.27,23077247.85,28909307.95,5419413.06,188703579.90
Chicago,Cook County,27776,MT,1999,3,3441629.98,7209429.85,8496375.79,2831806.97,1990770.32,1615981.56,6150577.52,6537037.00,6136855.38,1177951.04,45588415.41
Chicago,Cook County,27776,HMR,1999,3,3339921.31,2164270.23,8198507.65,2819063.29,1968259.76,1613235.94,1903714.77,4598359.14,5523342.93,1067595.06,33196270.08
Chicago,Cook County,27776,CHMR,1999,3,2504807.05,1622720.26,6147004.89,2113484.61,1474874.16,1209277.78,1424514.05,3446778.21,4130421.95,797380.12,24871263.08
Chicago,Cook County,27776,MPEA,1999,3,25751.96,279190.22,4279563.19,48720.00,,215.00,14682.00,57172.97,706566.76,11443.77,5423305.87
Chicago,Cook County,27776,RTA,1999,3,2606385.06,6664215.26,6415611.28,2118975.28,1493477.81,1211288.80,4630030.44,5382456.54,4682529.88,907651.40,36112621.75
Chicago,Cook County,27776,SRTA,1999,3,835034.84,541485.45,2055925.58,706931.15,493946.01,403653.98,1520065.26,1151569.01,1444278.09,267795.60,9420684.97
Chicago,DuPage County,23,ST,1999,3,,,,,,,,465.90,1411.42,5634.99,43530.23
Chicago,DuPage County,23,MT,1999,3,,,,,,,,-113.91,226.94,1163.99,8480.38
Chicago,DuPage County,23,HMR,1999,3,,,,,,,,93.08,219.98,1126.02,3438.67
Chicago,DuPage County,23,CST,1999,3,,,,,,,,23.24,55.93,281.74,2161.61
Chicago,DuPage County,23,RTA,1999,3,,,,,,,,-28.52,71.29,290.70,2133.60
Chicago,Cook County,32186,ST,1999,4,23140396.76,11424373.93,41213276.03,17368930.76,11968003.66,7436752.67,28280985.79,28226365.95,30324203.31,6262629.36,205645918.22
Chicago,Cook County,32186,MT,1999,4,4790215.16,7766822.84,8543773.48,3477994.69,2400245.42,1488880.65,5716328.55,7778952.47,6425341.00,1383783.47,49772337.73
Chicago,Cook County,32186,HMR,1999,4,4626194.35,2279385.87,8206565.70,3465772.86,2385930.50,1487023.43,1879045.05,5636631.42,5846492.80,1247174.58,37060216.56
Chicago,Cook County,32186,CHMR,1999,4,3469575.97,1708921.22,6153733.37,2598007.24,1784745.21,1114525.37,1408082.17,4212738.81,4356280.54,927996.89,27734606.79
Chicago,Cook County,32186,MPEA,1999,4,48014.00,271965.09,4788226.83,53241.91,,359.00,18333.59,57664.00,504359.61,7442.24,5749606.27
Chicago,Cook County,32186,RTA,1999,4,3633375.29,7192389.53,6465864.26,2604189.43,1799407.63,1116776.08,4303365.16,6366579.14,4907781.94,1070020.52,39459748.98
Chicago,Cook County,32186,SRTA,1999,4,1156624.93,570072.88,2058604.30,868414.39,598162.74,371802.03,1412444.74,1410224.32,1508329.95,312411.65,10267091.93
Chicago,DuPage County,30,ST,1999,4,,,,,,,,5647.87,5130.83,5188.71,35581.81
Chicago,DuPage County,30,MT,1999,4,,,,,,,,1164.33,1033.35,1089.70,7209.82
Chicago,DuPage County,30,HMR,1999,4,,,,,,,,1129.33,1018.95,1037.67,3790.74
Chicago,DuPage County,30,CST,1999,4,,,,,,,,282.31,256.41,259.43,1778.52
Chicago,DuPage County,30,RTA,1999,4,,,,,,,,290.95,258.24,272.37,1801.79
Chicago,Cook County,28860,ST,2000,1,14828532.37,10475098.21,37593956.65,11925064.52,10076637.32,6773676.88,27126704.64,22782636.92,23477706.06,5375377.57,170435391.14
Chicago,Cook County,28860,MT,2000,1,3091981.01,7281640.05,7955271.96,2385185.05,2019668.03,1355410.06,5480333.94,6653318.90,5113510.64,1206583.20,42542902.84
Chicago,Cook County,28860,HMR,2000,1,2965442.42,2089125.14,7473465.31,2375712.75,2004396.28,1353041.36,1860328.07,4543603.52,4528289.15,1071770.95,30265174.95
Chicago,Cook County,28860,CHMR,2000,1,2224080.18,1565652.13,5603709.54,1780733.36,1502179.49,1014297.27,1393081.46,3388553.23,3388772.97,799040.03,22660099.66
Chicago,Cook County,28860,MPEA,2000,1,14668.60,218539.33,3612764.26,33895.00,,272.00,14363.00,41872.83,415043.63,5399.28,4356817.93
Chicago,Cook County,28860,RTA,2000,1,2350663.64,6746673.60,6047035.84,1786296.29,1513729.56,1016055.27,4125408.18,5511544.42,3932002.58,934765.28,33964174.66
Chicago,Cook County,28860,SRTA,2000,1,741416.56,522911.82,1877156.50,595352.24,502959.09,338527.91,1354258.04,1138193.09,1172333.34,268629.33,8511737.92
Chicago,DuPage County,24,ST,2000,1,,,,,,,,997.57,4683.09,3446.07,22707.18
Chicago,DuPage County,24,MT,2000,1,,,,,,,,208.93,936.58,725.35,4782.40
Chicago,DuPage County,24,HMR,2000,1,,,,,,,,199.46,936.40,689.16,2935.85
Chicago,DuPage County,24,CST,2000,1,,,,,,,,49.81,234.12,172.27,1135.05
Chicago,DuPage County,24,RTA,2000,1,,,,,,,,52.14,234.07,181.28,1193.58
Chicago,Cook County,28253,ST,2000,2,16437842.91,11704711.86,45290617.74,16440259.67,11220334.62,9250522.57,32567753.20,25640673.39,28096378.02,6151064.29,202800158.27
Chicago,Cook County,28253,MT,2000,2,3431471.35,7553155.31,9394072.97,3291443.75,2246265.51,1851646.01,6576482.88,7219973.87,6004721.08,1367920.69,48937153.42
Chicago,Cook County,28253,HMR,2000,2,3282996.28,2334336.98,9008504.91,3277109.42,2205871.98,1848734.12,2102720.88,5119264.95,5457640.82,1222622.74,35859803.08
Chicago,Cook County,28253,CHMR,2000,2,2460416.02,1748776.28,6754773.24,2457411.97,1653756.06,1385855.32,1573939.75,3815882.12,4086943.37,911136.80,26848890.93
Chicago,Cook County,28253,MPEA,2000,2,95367.50,313519.51,5208321.51,61245.00,,426.00,16267.00,-9751.09,562760.97,13598.10,6261754.50
Chicago,Cook County,28253,RTA,2000,2,2611156.48,6962604.07,7121626.33,2463083.72,1691379.76,1388356.69,4944132.42,5942131.34,4589574.13,1055867.72,38769912.66
Chicago,Cook County,28253,SRTA,2000,2,820888.23,583822.06,2256868.85,821679.48,553049.19,462480.37,1624808.42,1280184.57,1403564.76,307247.14,10114593.07
Chicago,DuPage County,31,ST,2000,2,,,,,,,,44.47,4235.75,3083.41,43432.58
Chicago,DuPage County,31,MT,2000,2,,,,,,,,38.67,1208.98,659.17,9457.61
Chicago,DuPage County,31,HMR,2000,2,,,,,,,,-64.96,847.02,583.37,3135.71
Chicago,DuPage County,31,CST,2000,2,,,,,,,,2.16,211.73,154.16,2171.38
Chicago,DuPage County,31,RTA,2000,2,,,,,,,,9.61,302.17,156.41,2355.60
Chicago,Cook County,28278,ST,2000,3,15836134.80,11572111.30,45076575.66,16472804.40,11229413.12,8519768.25,27159956.56,26381936.20,28329937.46,6061923.62,196640561.37
Chicago,Cook County,28278,MT,2000,3,3317603.46,7424871.26,9386074.11,3298139.31,2250167.72,1707563.08,6250973.47,7365467.34,6190595.09,1325235.90,48516690.74
Chicago,Cook County,28278,HMR,2000,3,3173235.08,2339940.22,8984210.62,3285641.47,2236942.81,1705946.11,2044974.52,5135117.77,5697875.99,1210954.84,35814839.43
Chicago,Cook County,28278,CHMR,2000,3,2379872.59,1754005.49,6736561.65,2464060.86,1676821.25,1278326.78,1531897.67,3828231.89,4262782.98,903569.69,26816130.85
Chicago,Cook County,28278,MPEA,2000,3,77642.00,304287.90,5073068.26,53613.00,,396.00,15140.00,47476.05,620056.86,12454.72,6204134.79
Chicago,Cook County,28278,RTA,2000,3,2523854.28,6834136.34,7113670.57,2469283.54,1685004.70,1281060.04,4708059.41,6050902.82,4725324.89,1021732.12,38413028.71
Chicago,Cook County,28278,SRTA,2000,3,793436.16,585332.15,2251647.53,823245.71,561264.29,426535.18,1543075.83,1320969.13,1461952.97,302919.77,10070378.72
Chicago,DuPage County,39,ST,2000,3,,,,,,,,1770.87,8541.31,2152.33,37336.68
Chicago,DuPage County,39,MT,2000,3,,,,,,,,411.07,1766.94,524.83,7832.22
Chicago,DuPage County,39,HMR,2000,3,,,,,,,,351.15,1708.11,463.67,2680.67
Chicago,DuPage County,39,CST,2000,3,,,,,,,,88.46,426.98,107.59,1866.36
Chicago,DuPage County,39,RTA,2000,3,,,,,,,,101.91,441.61,139.47,1965.01
Chicago,Cook County,32798,ST,2000,4,21182170.86,12092895.38,43463200.24,18596268.74,11695753.54,8281932.69,26993353.13,28190857.07,27754889.91,5984890.70,204236212.26
Chicago,Cook County,32798,MT,2000,4,4439007.60,8186517.78,9020193.58,3722416.49,2343561.95,1662627.34,6276523.37,7828212.24,6574994.05,1345151.75,51399206.15
Chicago,Cook County,32798,HMR,2000,4,4241898.40,2450785.33,8653651.30,3712002.78,2320807.84,1658997.84,2011923.80,5629679.90,6023162.21,1193889.64,37896799.04
Chicago,Cook County,32798,CHMR,2000,4,3181335.06,1837354.74,6488998.19,2783781.10,1739930.46,1243038.01,1507916.05,4218949.38,4510593.77,893204.96,28405101.72
Chicago,Cook County,32798,MPEA,2000,4,102695.50,299874.12,4949616.42,61490.00,,318.00,12672.01,54004.11,501038.66,7840.87,5989549.69
Chicago,Cook County,32798,RTA,2000,4,3377311.61,7562321.66,6832214.94,2788953.79,1758902.70,1246169.02,4724713.10,6415721.55,5018803.13,1043977.05,40769088.55
Chicago,Cook County,32798,SRTA,2000,4,1060762.62,613267.32,2169373.58,929443.62,582148.90,415185.92,1550947.70,1409317.46,1544646.23,299110.38,10574203.73
Chicago,DuPage County,34,ST,2000,4,,,,,,,,1272.24,2580.84,1535.43,15921.46
Chicago,DuPage County,34,MT,2000,4,,,,,,,,265.00,577.75,610.12,3747.89
Chicago,DuPage County,34,HMR,2000,4,,,,,,,,256.29,513.67,307.04,1211.26
Chicago,DuPage County,34,CST,2000,4,,,,,,,,63.61,128.95,76.75,795.81
Chicago,DuPage County,34,RTA,2000,4,,,,,,,,66.53,144.30,152.45,936.90
Chicago,Cook County,29575,ST,2001,1,15868315.39,10955434.72,38719355.37,13712705.14,10087061.36,6642138.18,29605593.67,24725268.47,24226273.15,5614005.39,180156150.84
Chicago,Cook County,29575,MT,2001,1,3343643.21,7342484.57,8072727.99,2745720.17,2019079.05,1329552.48,5999630.53,7184794.18,4910468.19,1213495.22,44161595.59
Chicago,Cook County,29575,HMR,2001,1,3173470.21,2185247.38,7724535.41,2735766.76,2013144.23,1327329.64,1930925.13,4935783.06,4510474.42,1117253.24,31653929.48
Chicago,Cook County,29575,CHMR,2001,1,2380101.08,1637622.47,5792411.59,2051572.45,1508503.47,994999.49,1437418.06,3700104.86,3371539.86,833513.25,23707786.58
Chicago,Cook County,29575,MPEA,2001,1,77082.00,265230.76,4215854.73,45786.00,,305.00,3031.00,52548.08,377338.92,9744.03,5046920.52
Chicago,Cook County,29575,RTA,2001,1,2550053.09,6792525.23,6127117.98,2057126.02,1513392.48,996899.77,4520779.84,5946591.46,3757391.91,928436.28,35190314.06
Chicago,Cook County,29575,SRTA,2001,1,793417.23,546487.72,1934228.14,685177.67,504087.44,332072.97,1482737.57,1235817.83,1150820.76,280034.01,8944881.34
Chicago,DuPage County,27,ST,2001,1,,,,,,,,1496.27,3074.52,5307.57,28985.50
Chicago,DuPage County,27,MT,2001,1,,,,,,,,422.92,614.80,1407.04,6398.78
Chicago,DuPage County,27,HMR,2001,1,,,,,,,,299.23,614.72,1061.41,2069.86
Chicago,DuPage County,27,CST,2001,1,,,,,,,,74.78,153.63,265.34,1448.94
Chicago,DuPage County,27,RTA,2001,1,,,,,,,,105.66,153.62,351.55,1599.16
Chicago,Cook County,28475,ST,2001,2,17010137.92,12278992.81,42340142.96,14895932.98,10256645.34,9551391.87,36619072.25,26354379.08,25076313.24,6116530.49,200499538.94
Chicago,Cook County,28475,MT,2001,2,3562558.02,7762533.92,8795746.48,2982793.94,2053720.04,1912018.32,7401772.97,7441679.28,5177626.07,1325563.95,48416012.99
Chicago,Cook County,28475,HMR,2001,2,3401533.60,2450343.46,8456290.07,2975852.36,2044129.63,1909402.42,2114521.03,5264011.76,4636105.78,1219967.88,34472157.99
Chicago,Cook County,28475,CHMR,2001,2,2551148.95,1836005.86,6341369.86,2231573.62,1532353.72,1428747.40,1579034.42,3942417.48,3474380.61,912730.36,25829762.28
Chicago,Cook County,28475,MPEA,2001,2,53399.00,290816.81,4928380.17,50352.00,,318.00,5693.00,54372.79,461152.08,13314.40,5857798.25
Chicago,Cook County,28475,RTA,2001,2,2711813.47,7150096.81,6677743.51,2236582.50,1540598.23,1434619.99,5576760.08,6123997.33,3975142.08,1018267.10,38445621.10
Chicago,Cook County,28475,SRTA,2001,2,850456.81,612762.91,2115065.25,744623.05,512491.97,477442.53,1828555.32,1316489.45,1198609.05,305566.06,9962062.40
Chicago,DuPage County,35,ST,2001,2,,,,,,,,2962.02,29864.47,8375.39,67945.28
Chicago,DuPage County,35,MT,2001,2,,,,,,,,604.13,6016.00,2005.71,13978.86
Chicago,DuPage County,35,HMR,2001,2,,,,,,,,592.30,5680.94,1674.97,8122.30
Chicago,DuPage County,35,CST,2001,2,,,,,,,,148.04,1493.10,418.72,3396.74
Chicago,DuPage County,35,RTA,2001,2,,,,,,,,150.95,1481.85,501.30,3472.04
Chicago,Cook County,27793,ST,2001,3,15805220.77,12466583.04,43141113.91,14226261.43,10278860.87,8741722.75,33878589.34,25716621.09,24522247.36,5971261.79,194748482.35
Chicago,Cook County,27793,MT,2001,3,3319817.36,7729894.01,8922320.44,2848036.05,2059408.01,1750127.69,6938335.25,7360724.04,5227954.22,1287522.12,47444139.19
Chicago,Cook County,27793,HMR,2001,3,3160619.50,2489261.24,8596754.21,2840729.05,2051775.30,1747989.00,2151962.28,5056611.32,4750281.45,1195763.98,34041747.33
Chicago,Cook County,27793,CHMR,2001,3,2370463.01,1865404.98,6445181.71,2130336.72,1536494.11,1310631.93,1606719.08,3791917.21,3554661.41,893531.63,25505341.79
Chicago,Cook County,27793,MPEA,2001,3,23484.87,290857.17,4654467.59,50540.00,9.00,210.00,4986.00,52262.31,502891.07,13939.35,5593647.36
Chicago,Cook County,27793,RTA,2001,3,2529433.63,7096428.72,6772485.30,2136807.28,1545093.03,1313437.29,5239981.89,6063630.41,3999719.74,988809.06,37685826.35
Chicago,Cook County,27793,SRTA,2001,3,790206.27,622381.39,2151066.43,710537.95,513673.59,437059.87,1691077.69,1284202.33,1224396.96,298327.74,9722930.22
Chicago,DuPage County,36,ST,2001,3,,,,,,,,667.62,9297.08,803.06,23491.30
Chicago,DuPage County,36,MT,2001,3,,,,,,,,149.16,2030.82,264.35,4993.52
Chicago,DuPage County,36,HMR,2001,3,,,,,,,,133.39,1859.15,160.56,2220.16
Chicago,DuPage County,36,CST,2001,3,,,,,,,,33.31,464.70,40.13,1174.12
Chicago,DuPage County,36,RTA,2001,3,,,,,,,,37.22,507.51,66.04,1247.86
Chicago,Cook County,32043,ST,2001,4,21148883.66,12514930.18,41935443.74,16996334.62,12151115.93,8882618.74,31193895.25,30152098.54,24301417.44,5683851.03,204960589.13
Chicago,Cook County,32043,MT,2001,4,4426707.78,8072243.00,8635213.07,3401046.14,2437776.14,1778427.53,6393899.88,8654662.91,5259918.17,1252062.25,50311956.87
Chicago,Cook County,32043,HMR,2001,4,4229455.17,2492610.99,8373045.93,3397262.50,2425809.03,1774337.99,1894233.34,6013940.47,4739354.76,1135287.61,36475337.79
Chicago,Cook County,32043,CHMR,2001,4,3172054.53,1868337.29,6279225.08,2547134.40,1818039.08,1330451.63,1415813.57,4505829.97,3547937.35,849508.35,27334331.25
Chicago,Cook County,32043,MPEA,2001,4,42279.42,292701.37,4924952.79,51949.00,596.00,393.06,2544.00,60174.02,474777.25,9076.09,5859443.00
Chicago,Cook County,32043,RTA,2001,4,3369038.82,7449503.52,6536029.88,2550450.67,1827561.56,1332852.32,4834111.58,7143789.63,4044493.98,967199.64,40055031.60
Chicago,Cook County,32043,SRTA,2001,4,1057428.40,623181.23,2094379.45,849771.63,607715.37,444120.96,1558751.32,1506454.76,1213057.59,284075.93,10238936.64
Chicago,DuPage County,29,ST,2001,4,,,,,,,,1367.09,7816.72,,27375.60
Chicago,DuPage County,29,MT,2001,4,,,,,,,,297.65,1563.20,,5540.32
Chicago,DuPage County,29,HMR,2001,4,,,,,,,,273.21,1563.12,,2634.15
Chicago,DuPage County,29,CST,2001,4,,,,,,,,68.25,390.72,,1368.36
Chicago,DuPage County,29,RTA,2001,4,,,,,,,,74.29,390.66,,1384.49
Chicago,Cook County,29644,ST,2002,1,15485012.56,11501305.32,38964679.54,12446266.05,10062707.66,7538861.98,26371562.80,25514279.83,21654517.70,4369402.01,173908595.45
Chicago,Cook County,29644,MT,2002,1,3257397.45,7546130.26,8065724.36,2490760.29,2014755.21,1503259.06,5427914.02,7344519.42,4657868.50,1009109.77,43317438.34
Chicago,Cook County,29644,HMR,2002,1,3096136.78,2292257.47,7774143.25,2485778.68,2007278.30,1501103.55,1861457.48,5091550.74,4194293.30,873264.55,31177264.10
Chicago,Cook County,29644,CHMR,2002,1,2322096.08,1717264.44,5830087.82,1864225.52,1504842.21,1117760.85,1392240.15,3817380.14,3135897.86,651348.11,23353143.18
Chicago,Cook County,29644,MPEA,2002,1,37733.00,274454.15,4143581.20,41659.00,126.00,302.00,8801.47,47261.09,372269.11,7757.27,4933944.29
Chicago,Cook County,29644,RTA,2002,1,2482884.63,6971857.84,6114171.81,1864918.21,1507277.26,1127340.57,4110901.17,6067191.94,3576122.65,794722.07,34617388.15
Chicago,Cook County,29644,SRTA,2002,1,774195.19,572899.51,1945043.35,621632.02,502970.21,375418.32,1316004.65,1274896.90,1080742.91,218345.44,8682148.50
Chicago,DuPage County,28,ST,2002,1,,,,,,,,1228.61,2328.83,,12517.44
Chicago,DuPage County,28,MT,2002,1,,,,,,,,269.22,469.76,,2564.25
Chicago,DuPage County,28,HMR,2002,1,,,,,,,,244.82,465.62,,938.78
Chicago,DuPage County,28,CST,2002,1,,,,,,,,61.37,116.32,,625.57
Chicago,DuPage County,28,RTA,2002,1,,,,,,,,67.04,117.34,,640.50
Chicago,Cook County,28254,ST,2002,2,16467933.96,11945683.11,44710915.12,15225358.95,10272537.19,10587810.40,35640161.05,26202167.25,22948725.21,5040054.80,199041347.04
Chicago,Cook County,28254,MT,2002,2,3435874.49,7454957.71,9216805.91,3047746.09,2057721.26,2119100.81,7298541.08,7484961.46,5031419.49,1105462.20,48252590.50
Chicago,Cook County,28254,HMR,2002,2,3293457.16,2384346.11,8928267.93,3042422.72,2053333.48,2116405.77,2167065.72,5230868.31,4564970.99,999380.65,34780518.84
Chicago,Cook County,28254,CHMR,2002,2,2470087.33,1787130.82,6692187.11,2280913.78,1538744.26,1586890.41,1620593.46,3922051.62,3414357.99,744682.56,26057639.34
Chicago,Cook County,28254,MPEA,2002,2,24865.84,302126.78,5012121.41,49169.00,130.00,320.00,6350.22,65935.78,461611.85,11914.21,5934545.09
Chicago,Cook County,28254,RTA,2002,2,2612426.27,6856882.87,6977481.41,2285899.40,1545144.36,1589872.34,5519998.86,6174270.52,3848002.85,854431.14,38264410.02
Chicago,Cook County,28254,SRTA,2002,2,823378.10,596103.13,2233307.36,761014.76,513454.69,529220.27,1779512.81,1308563.67,1145353.51,250177.78,9940086.08
Chicago,DuPage County,31,ST,2002,2,,,,,,,,2410.48,-3581.50,,7235.80
Chicago,DuPage County,31,MT,2002,2,,,,,,,,501.71,-714.00,,1641.99
Chicago,DuPage County,31,HMR,2002,2,,,,,,,,482.07,-716.44,,290.10
Chicago,DuPage County,31,CST,2002,2,,,,,,,,120.46,-179.17,,361.31
Chicago,DuPage County,31,RTA,2002,2,,,,,,,,125.41,-178.49,,410.34
Chicago,Cook County,28385,ST,2002,3,15218277.21,12635209.86,44469568.94,14661087.94,10728619.22,9840303.03,34471347.33,26918807.73,24749659.46,5148605.39,198841486.11
Chicago,Cook County,28385,MT,2002,3,3179110.54,7733143.15,9173184.77,2934391.87,2148221.08,1969501.20,7080181.14,7617722.55,5235173.75,1124257.01,48194887.06
Chicago,Cook County,28385,HMR,2002,3,3043149.99,2517089.78,8884048.30,2932019.21,2141644.48,1967268.09,2279203.10,5366946.39,4769874.92,1027322.33,34928566.59
Chicago,Cook County,28385,CHMR,2002,3,2282331.75,1886762.35,6661423.15,2195968.88,1587323.85,1475039.54,1704504.36,4024580.63,3569228.27,768959.83,26156122.61
Chicago,Cook County,28385,MPEA,2002,3,25410.00,315984.95,4985638.80,50439.00,90.00,493.00,9906.00,66606.47,443291.66,15554.18,5913414.06
Chicago,Cook County,28385,RTA,2002,3,2417903.94,7106064.53,6949052.78,2202610.99,1614353.00,1477573.75,5355130.67,6269851.07,4032236.63,865735.44,38290512.80
Chicago,Cook County,28385,SRTA,2002,3,760864.90,629237.68,2221749.22,732730.51,536253.90,491979.61,1721234.21,1344546.67,1232748.78,257248.08,9928593.56
Chicago,DuPage County,44,ST,2002,3,,,,,,,,1008.82,1759.07,10421.15,52922.74
Chicago,DuPage County,44,MT,2002,3,,,,,,,,217.37,368.14,2156.14,10694.37
Chicago,DuPage County,44,HMR,2002,3,,,,,,,,182.00,351.75,2084.24,7500.12
Chicago,DuPage County,44,CST,2002,3,,,,,,,,50.38,87.82,520.98,2645.66
Chicago,DuPage County,44,RTA,2002,3,,,,,,,,54.40,92.05,539.07,2673.75
Chicago,Cook County,32461,ST,2002,4,20651216.06,14169931.23,43396822.54,17134636.11,12638619.83,9108223.26,26731868.97,29221314.73,26098978.93,5391581.37,204543193.03
Chicago,Cook County,32461,MT,2002,4,4306382.16,8529590.75,8908965.03,3429633.44,2533458.88,1823531.97,5531308.08,8143862.47,5638785.76,1186419.99,50031938.53
Chicago,Cook County,32461,HMR,2002,4,4130136.16,2543188.18,8639104.04,3424495.64,2524695.41,1820756.55,1959310.77,5833927.10,5084147.62,1074922.98,37034684.45
Chicago,Cook County,32461,CHMR,2002,4,3097580.32,1907107.68,6475263.89,2568169.97,1892798.57,1365018.56,1465027.21,4373272.09,3803883.43,803984.10,27752105.82
Chicago,Cook County,32461,MPEA,2002,4,56686.00,307124.20,5247376.17,52287.00,,536.00,6395.00,62811.68,572617.36,8743.09,6314576.50
Chicago,Cook County,32461,RTA,2002,4,3273832.67,7315372.73,6745970.30,2574102.90,1901670.76,1367746.51,4201738.30,6684784.43,4332455.05,916396.41,39314070.06
Chicago,Cook County,32461,SRTA,2002,4,1032532.80,635806.44,2160589.60,856355.00,631818.23,455396.21,1332250.33,1459723.69,1302316.73,269105.00,10135894.03
Chicago,DuPage County,42,ST,2002,4,,,,,,,,752.30,5078.65,2661.60,53412.06
Chicago,DuPage County,42,MT,2002,4,,,,,,,,205.23,1018.04,558.18,10768.24
Chicago,DuPage County,42,HMR,2002,4,,,,,,,,150.44,1015.64,532.27,6554.28
Chicago,DuPage County,42,CST,2002,4,,,,,,,,37.54,253.77,133.01,2670.15
Chicago,DuPage County,42,RTA,2002,4,,,,,,,,51.33,254.51,139.55,2692.12
Chicago,Cook County,29324,ST,2003,1,15194509.06,11759427.90,39721812.49,12287042.46,10983836.17,6550003.91,27899779.35,23664744.30,23327960.67,5192885.13,176582001.44
Chicago,Cook County,29324,MT,2003,1,3157895.55,7377246.68,8167126.48,2458253.52,2199206.21,1129088.15,5749554.86,7050977.14,5053043.77,1133653.87,43476046.23
Chicago,Cook County,29324,HMR,2003,1,3038785.33,2341897.34,7928163.26,2454206.43,2193188.12,1124859.35,2079617.70,4717034.86,4421233.17,877283.65,31176269.21
Chicago,Cook County,29324,CHMR,2003,1,2279067.68,1756046.62,5944071.75,1840584.30,1643371.78,843556.24,1558039.03,3536588.94,3304804.93,656375.34,23362506.61
Chicago,Cook County,29324,MPEA,2003,1,18573.00,273545.30,4259378.13,41945.00,,350.00,4153.00,58246.54,377333.45,7717.68,5041242.10
Chicago,Cook County,29324,RTA,2003,1,2398136.14,6940348.73,6174956.71,1844867.74,1649029.78,847341.07,4360993.89,5872159.10,3826252.34,753960.11,34668045.61
Chicago,Cook County,29324,SRTA,2003,1,759711.50,585491.11,1983539.60,614059.13,549073.30,281908.61,1391589.91,1180098.28,1156201.70,259543.86,8761217.00
Chicago,DuPage County,46,ST,2003,1,,,,,,,,2542.24,9378.63,4527.97,53953.12
Chicago,DuPage County,46,MT,2003,1,,,,,,,,614.23,1877.63,1117.86,11118.16
Chicago,DuPage County,46,HMR,2003,1,,,,,,,,440.98,1875.62,905.54,6132.75
Chicago,DuPage County,46,CST,2003,1,,,,,,,,126.99,468.75,226.31,2697.05
Chicago,DuPage County,46,RTA,2003,1,,,,,,,,153.54,469.46,279.47,2779.64
Chicago,Cook County,28587,ST,2003,2,17085550.77,12627292.38,46019815.89,15467328.11,10474554.62,11916068.98,30764455.61,25998158.62,25851451.06,3904117.67,200108793.71
Chicago,Cook County,28587,MT,2003,2,3530290.94,7634731.87,9440299.30,3094794.54,2100117.83,2566970.45,6344292.90,7526493.46,5668535.21,881888.73,48788415.23
Chicago,Cook County,28587,HMR,2003,2,3416895.45,2519921.48,9191665.56,3091788.83,2086803.71,2556528.52,2160176.27,5188063.13,4875824.07,939016.70,36026683.72
Chicago,Cook County,28587,CHMR,2003,2,2564979.22,1889567.48,6892633.93,2318515.22,1562722.70,1917385.14,1619369.58,3887004.61,3602285.69,703953.13,26958416.70
Chicago,Cook County,28587,MPEA,2003,2,16630.34,267509.62,5403138.83,47507.00,,529.50,6156.00,76084.65,455202.09,13474.92,6286232.95
Chicago,Cook County,28587,RTA,2003,2,2675892.98,7163469.92,7138159.19,2322263.88,1576761.94,1925942.84,4814357.58,6234318.07,4248418.20,806528.21,38906112.81
Chicago,Cook County,28587,SRTA,2003,2,854249.95,629984.47,2299058.49,773210.95,522656.57,641311.23,1535370.19,1298543.48,1291185.85,195045.17,10040616.35
Chicago,DuPage County,44,ST,2003,2,,,,,,,,27.94,10360.90,6415.96,50946.72
Chicago,DuPage County,44,MT,2003,2,,,,,,,,26.61,2073.49,1303.57,10234.83
Chicago,DuPage County,44,HMR,2003,2,,,,,,,,5.57,2070.70,1283.17,6405.51
Chicago,DuPage County,44,CST,2003,2,,,,,,,,1.32,517.84,320.75,2546.76
Chicago,DuPage County,44,RTA,2003,2,,,,,,,,6.65,518.04,325.91,2558.43
Chicago,Cook County,28018,ST,2003,3,15595672.99,12951206.10,48293358.61,15764586.65,10162815.24,10506689.93,29247763.92,26643469.16,28445802.85,5075540.13,202686905.58
Chicago,Cook County,28018,MT,2003,3,3266850.92,7665617.16,9881546.24,3154067.43,2036690.63,2102971.70,6049710.51,7660274.57,6209228.89,1107214.60,49134172.65
Chicago,Cook County,28018,HMR,2003,3,3118722.36,2584434.51,9640948.20,3150141.19,2029815.09,2096016.97,2297463.88,5321220.57,5402450.33,1014118.67,36655331.77
Chicago,Cook County,28018,CHMR,2003,3,2338701.20,1937963.17,7227349.87,2362385.78,1520740.77,1571688.29,1722460.59,3989329.30,3997812.27,760400.88,27428832.12
Chicago,Cook County,28018,MPEA,2003,3,25066.00,234642.28,5493008.48,52677.00,,640.02,8351.00,65937.83,446340.80,16028.07,6342691.48
Chicago,Cook County,28018,RTA,2003,3,2487172.26,7167497.72,7467770.51,2366997.79,1528254.32,1577663.57,4593618.92,6329858.14,4661079.60,853577.27,39033490.10
Chicago,Cook County,28018,SRTA,2003,3,779673.98,646330.72,2411264.55,787924.35,508020.65,525327.39,1458953.95,1331004.88,1420193.09,253598.51,10122292.07
Chicago,DuPage County,42,ST,2003,3,,,,,,,,1256.80,7479.85,4430.89,41839.69
Chicago,DuPage County,42,MT,2003,3,,,,,,,,269.53,1504.44,924.63,8433.54
Chicago,DuPage County,42,HMR,2003,3,,,,,,,,252.62,1495.82,886.13,4160.84
Chicago,DuPage County,42,CST,2003,3,,,,,,,,62.77,373.81,221.50,2090.68
Chicago,DuPage County,42,RTA,2003,3,,,,,,,,67.71,376.07,231.14,2108.76
Chicago,Cook County,33108,ST,2003,4,20913608.68,13521360.73,46862018.94,18559923.69,11956711.42,9623693.98,27512022.35,29886202.57,27044006.24,5213081.72,211092630.32
Chicago,Cook County,33108,MT,2003,4,4360323.93,8174888.06,9671587.90,3711966.05,2395024.91,1926325.58,5695168.25,8422684.04,5906643.66,1161902.08,51426514.46
Chicago,Cook County,33108,HMR,2003,4,4186636.71,2699623.53,9324676.99,3708063.84,2387086.12,1917832.28,2178621.82,5965593.40,5193492.99,1035174.52,38596802.20
Chicago,Cook County,33108,CHMR,2003,4,3139236.88,2018700.04,6987135.16,2779950.80,1783188.27,1437898.18,1633401.58,4475802.54,3839188.14,775820.59,28870322.18
Chicago,Cook County,33108,MPEA,2003,4,55583.00,329740.32,5720921.41,58883.00,3608.00,419.00,7213.00,64389.70,623963.19,9795.27,6874515.89
Chicago,Cook County,33108,RTA,2003,4,3317630.72,7656317.36,7331490.95,2784467.09,1796531.03,1445689.77,4325820.80,6930587.49,4428231.41,899586.17,40916352.79
Chicago,Cook County,33108,SRTA,2003,4,1045662.11,674885.61,2335161.64,927238.43,597635.00,481046.07,1370455.21,1492159.73,1349538.11,260444.78,10534226.69
Chicago,DuPage County,47,ST,2003,4,,,,,,,,1553.02,21531.45,7207.61,253911.39
Chicago,DuPage County,47,MT,2003,4,,,,,,,,321.53,4318.62,1472.05,50838.57
Chicago,DuPage County,47,HMR,2003,4,,,,,,,,310.61,4303.28,1441.45,8144.34
Chicago,DuPage County,47,CST,2003,4,,,,,,,,77.57,1076.40,360.29,12692.60
Chicago,DuPage County,47,RTA,2003,4,,,,,,,,80.38,1078.93,368.00,12709.46
Chicago,Cook County,29959,ST,2004,1,15583029.55,12217098.06,42745595.16,14010061.28,10527432.98,8745885.39,28179472.00,24867293.97,22998953.41,4734095.29,184608917.09
Chicago,Cook County,29959,MT,2004,1,3258803.83,7503304.76,8798366.20,2802825.62,2107158.06,1774662.61,5827201.07,7481586.00,5122538.17,1052343.04,45728789.36
Chicago,Cook County,29959,HMR,2004,1,3116298.31,2438206.32,8534483.89,2799878.80,2099007.76,1740993.83,2221641.36,4965856.72,4317210.92,945247.96,33178825.87
Chicago,Cook County,29959,CHMR,2004,1,2337200.47,1829122.01,6400398.72,2099578.33,1572675.64,1305503.49,1665885.96,3722984.16,3177803.51,708727.14,24819879.43
Chicago,Cook County,29959,MPEA,2004,1,26272.50,259683.83,4847090.42,48253.38,499.00,299.00,4991.00,63628.27,440512.42,16617.92,5707847.74
Chicago,Cook County,29959,RTA,2004,1,2479513.03,6994069.24,6656715.58,2101195.35,1579825.99,1337748.13,4424380.17,6240839.97,3846434.00,816056.91,36476778.37
Chicago,Cook County,29959,SRTA,2004,1,779120.40,609515.61,2136065.47,700355.36,525830.22,436863.75,1405621.64,1242614.08,1148206.91,236337.82,9220531.26
Chicago,DuPage County,56,ST,2004,1,,,,,,,,2668.54,19276.14,6776.57,-128441.68
Chicago,DuPage County,56,MT,2004,1,,,,,,,,557.21,3872.31,1372.69,-25628.90
Chicago,DuPage County,56,HMR,2004,1,,,,,,,,533.60,3855.14,1351.97,7077.93
Chicago,DuPage County,56,CST,2004,1,,,,,,,,133.31,963.65,338.75,-6420.98
Chicago,DuPage County,56,RTA,2004,1,,,,,,,,139.25,968.10,342.35,-6408.38
Chicago,Cook County,28777,ST,2004,2,17515070.86,13541597.31,50121253.86,17088260.17,10933598.33,11882170.42,29233764.90,26694334.11,25262109.04,5100332.84,207372491.84
Chicago,Cook County,28777,MT,2004,2,3644443.73,7785282.53,10287307.32,3418642.84,2190078.53,2379680.90,6055341.43,7842621.07,5480021.89,1118023.42,50201443.66
Chicago,Cook County,28777,HMR,2004,2,3502760.11,2704597.98,10006844.83,3413941.37,2181196.14,2373351.58,2380339.17,5323598.16,4817521.53,1019583.92,37723734.79
Chicago,Cook County,28777,CHMR,2004,2,2627021.83,2028406.81,7503422.44,2559581.96,1633722.66,1779982.14,1784714.82,3992901.32,3588631.36,764396.92,28262782.26
Chicago,Cook County,28777,MPEA,2004,2,26588.50,290710.17,5640075.77,65016.00,368.00,615.00,7777.00,66304.72,533401.25,16176.18,6647032.59
Chicago,Cook County,28777,RTA,2004,2,2768638.49,7107931.10,7778634.19,2562651.52,1642648.43,1785858.77,4599468.72,6509497.42,4176365.05,863351.42,39795045.11
Chicago,Cook County,28777,SRTA,2004,2,875708.79,676247.66,2503573.66,854181.33,546534.62,594432.63,1458291.23,1333497.05,1269388.60,254910.64,10366766.21
Chicago,DuPage County,57,ST,2004,2,,,,,,,,3698.83,30815.24,11681.26,54011.40
Chicago,DuPage County,57,MT,2004,2,,,,,,,,779.00,6180.13,2342.46,10865.36
Chicago,DuPage County,57,HMR,2004,2,,,,,,,,739.73,6162.95,2336.19,8884.55
Chicago,DuPage County,57,CST,2004,2,,,,,,,,184.84,1540.52,583.99,2700.00
Chicago,DuPage County,57,RTA,2004,2,,,,,,,,194.77,1545.08,585.64,2716.46
Chicago,Cook County,28231,ST,2004,3,16046816.66,13773603.26,52014949.99,16389139.37,11397943.84,11597127.89,28807882.04,27640116.72,27054048.06,5252062.88,209973690.71
Chicago,Cook County,28231,MT,2004,3,3357827.28,7739650.52,10628494.27,3279035.10,2282391.89,2320803.61,6025700.98,8011779.40,5800374.37,1150176.15,50596233.57
Chicago,Cook County,28231,HMR,2004,3,3208779.90,2751432.19,10382478.13,3275580.13,2272136.44,2313714.76,2371366.37,5518446.85,5089844.73,1047953.07,38231732.57
Chicago,Cook County,28231,CHMR,2004,3,2406316.96,2062834.05,7785661.28,2454810.81,1700897.04,1734378.97,1777024.68,4137933.16,3789862.27,785774.87,28635494.09
Chicago,Cook County,28231,MPEA,2004,3,17729.66,322322.13,5923385.39,68591.12,,445.00,8995.00,68508.91,638545.53,14727.39,7063250.13
Chicago,Cook County,28231,RTA,2004,3,2555365.71,7052265.90,8026349.19,2459414.58,1711152.15,1741218.97,4590274.11,6630414.39,4447480.71,888179.13,40102114.84
Chicago,Cook County,28231,SRTA,2004,3,802327.78,687840.37,2597373.43,819176.78,569709.54,579740.49,1437646.66,1381148.53,1351683.87,262023.05,10488670.50
Chicago,DuPage County,51,ST,2004,3,,,,,,,,1699.32,45098.89,9311.32,66447.84
Chicago,DuPage County,51,MT,2004,3,,,,,,,,365.75,9032.91,1868.45,13341.66
Chicago,DuPage County,51,HMR,2004,3,,,,,,,,339.81,8960.76,1864.96,11379.62
Chicago,DuPage County,51,CST,2004,3,,,,,,,,84.90,2254.71,465.43,3321.60
Chicago,DuPage County,51,RTA,2004,3,,,,,,,,91.46,2258.23,467.82,3336.17
Chicago,Cook County,32689,ST,2004,4,23886688.60,13780810.55,49962777.77,19700343.56,12747105.10,11115023.37,25811597.05,30404901.38,25619527.29,5336878.74,218365653.41
Chicago,Cook County,32689,MT,2004,4,4999332.54,8112859.48,10249618.81,3942664.71,2554298.45,2225102.72,5387440.11,8611953.50,5563793.82,1183601.02,52830665.16
Chicago,Cook County,32689,HMR,2004,4,4776848.63,2753035.96,9968192.07,3936186.88,2544091.08,2217758.42,2317511.24,6070491.60,4886597.42,1065813.75,40536527.05
Chicago,Cook County,32689,CHMR,2004,4,3582584.12,2064757.52,7475412.82,2948678.23,1906072.27,1661627.89,1737702.41,4551361.65,3657502.04,798717.76,30384416.71
Chicago,Cook County,32689,MPEA,2004,4,39290.65,310730.69,5985000.65,77608.70,2205.00,435.00,6594.00,82861.52,494133.29,8627.38,7007486.88
Chicago,Cook County,32689,RTA,2004,4,3804933.40,7424716.67,7748615.27,2955856.78,1916111.89,1669468.64,4102351.42,7093703.89,4282740.63,916637.21,41915135.80
Chicago,Cook County,32689,SRTA,2004,4,1194258.42,688249.42,2494416.62,984714.59,637146.32,555702.55,1286797.41,1519650.43,1279971.25,266645.43,10907552.44
Chicago,DuPage County,58,ST,2004,4,,,,,,,,11561.59,28292.69,10389.74,69234.05
Chicago,DuPage County,58,MT,2004,4,,,,,,,,2337.31,5670.15,2084.90,13912.08
Chicago,DuPage County,58,HMR,2004,4,,,,,,,,2312.25,5651.44,2077.89,10473.13
Chicago,DuPage County,58,CST,2004,4,,,,,,,,577.92,1414.44,519.38,3461.02
Chicago,DuPage County,58,RTA,2004,4,,,,,,,,584.32,1415.84,521.27,3476.38
Chicago,Cook County,30395,ST,2005,1,15456561.43,13088783.61,44447863.87,14909039.58,11961827.00,9281522.33,29877299.14,26498434.94,22581919.45,5023486.86,193126738.21
Chicago,Cook County,30395,MT,2005,1,3264502.04,7783706.94,9119121.16,2983644.72,2394533.07,1857713.72,6195163.16,7925485.90,4900417.05,1109012.65,47533300.41
Chicago,Cook County,30395,HMR,2005,1,3091228.38,2606259.63,8875881.71,2977508.41,2385712.53,1844533.56,2318866.00,5268580.36,4225899.78,844080.01,34438550.37
Chicago,Cook County,30395,CHMR,2005,1,2318208.82,1953968.41,6656368.63,2234751.95,1784504.40,1383306.34,1738827.40,3947955.49,3161140.49,632736.19,25811768.12
Chicago,Cook County,30395,MPEA,2005,1,13114.36,286134.72,5089612.56,58723.00,342.00,430.00,4383.00,85016.09,244285.06,9382.82,5791423.61
Chicago,Cook County,30395,RTA,2005,1,2491682.60,7130828.22,6894136.69,2236173.90,1794985.69,1393342.41,4708818.91,6603325.68,3766370.48,738131.89,37757796.47
Chicago,Cook County,30395,SRTA,2005,1,772800.93,651539.29,2220513.03,745118.31,597834.43,464037.22,1491007.72,1323930.93,1132753.59,251016.06,9650551.51
Chicago,DuPage County,62,ST,2005,1,,,,,,,,6727.76,32186.57,11208.19,65351.91
Chicago,DuPage County,62,MT,2005,1,,,,,,,,1368.96,6449.67,2243.88,13133.36
Chicago,DuPage County,62,HMR,2005,1,,,,,,,,1345.47,6437.20,2241.61,10827.99
Chicago,DuPage County,62,CST,2005,1,,,,,,,,336.22,1609.13,560.30,3266.86
Chicago,DuPage County,62,RTA,2005,1,,,,,,,,342.27,1612.48,561.01,3283.49
Chicago,Cook County,28640,ST,2005,2,17708291.99,13819429.87,54832791.32,18037409.04,11632994.39,13121473.24,29469478.83,28448990.70,24234502.15,5452779.93,216758141.46
Chicago,Cook County,28640,MT,2005,2,3712483.28,7904268.29,11193445.66,3610302.91,2328204.70,2625412.90,6117854.81,8240273.91,5258794.45,1192187.91,52183228.82
Chicago,Cook County,28640,HMR,2005,2,3541457.97,2759879.85,10953147.35,3603625.15,2323060.49,2602132.05,2476608.95,5659468.78,4568482.46,1089749.44,39577612.49
Chicago,Cook County,28640,CHMR,2005,2,2655999.93,2070515.51,8209596.91,2701490.55,1738944.82,1951578.59,1856771.24,4240312.05,3411879.01,816950.02,29654038.63
Chicago,Cook County,28640,MPEA,2005,2,24784.35,326807.08,6289574.26,70607.00,661.00,416.00,7931.00,105175.36,340984.30,11613.08,7178553.43
Chicago,Cook County,28640,RTA,2005,2,2827006.40,7212079.60,8450993.09,2706637.72,1746812.83,1967854.35,4608919.94,6818804.33,4044783.74,919667.92,41303559.92
Chicago,Cook County,28640,SRTA,2005,2,885362.67,690239.38,2739628.53,901578.14,581376.56,655888.23,1469430.92,1421879.44,1210810.88,272529.36,10828724.11
Chicago,DuPage County,68,ST,2005,2,,,,,1116.21,,,13697.06,31945.54,5038.67,56398.66
Chicago,DuPage County,68,MT,2005,2,,,,,223.24,,,2758.81,6400.54,1027.46,11336.60
Chicago,DuPage County,68,HMR,2005,2,,,,,205.57,,,2739.31,6387.25,1000.71,10525.79
Chicago,DuPage County,68,CST,2005,2,,,,,55.81,,,684.65,1597.04,250.08,2817.54
Chicago,DuPage County,68,RTA,2005,2,,,,,55.83,,,689.73,1599.72,256.87,2833.81
Chicago,Cook County,28112,ST,2005,3,15772985.30,15035033.17,56993150.91,16863243.52,11573099.96,12109216.44,33320453.37,28456906.58,26981962.99,5563583.25,222669635.49
Chicago,Cook County,28112,MT,2005,3,3339025.24,8060296.68,11626745.14,3375586.50,2315800.57,2423506.52,6950051.58,8227723.71,5791240.78,1216608.91,53326585.63
Chicago,Cook County,28112,HMR,2005,3,3938399.15,3706483.65,14095243.66,4187772.05,2834026.59,2986078.05,3330475.40,7048322.15,6169490.34,1370441.90,49666732.94
Chicago,Cook County,28112,CHMR,2005,3,2365868.39,2252572.57,8538564.62,2527689.10,1731867.59,1805320.28,2011410.85,4261794.91,3750745.69,833821.73,30079655.73
Chicago,Cook County,28112,MPEA,2005,3,22203.08,352345.21,6824710.42,64823.00,270.00,278.00,9021.00,118326.29,391239.01,16810.79,7800026.80
Chicago,Cook County,28112,RTA,2005,3,2550332.18,7307851.07,8775558.05,2531591.13,1737451.13,1817669.28,5244461.92,6806471.46,4431846.83,938762.45,42141995.50
Chicago,Cook County,28112,SRTA,2005,3,788611.75,750849.85,2847570.63,842924.45,578329.64,605380.40,1662987.79,1422421.91,1348031.98,278030.68,11125139.08
Chicago,DuPage County,73,ST,2005,3,,583.42,,,512.79,,,7242.36,61670.98,10214.81,85788.96
Chicago,DuPage County,73,MT,2005,3,,146.52,,,102.55,,,1469.34,12345.76,2075.05,17251.97
Chicago,DuPage County,73,HMR,2005,3,,145.82,,,119.60,,,1806.21,15356.93,2484.87,20039.43
Chicago,DuPage County,73,CST,2005,3,,29.14,,,25.64,,,361.94,3083.28,510.63,4288.74
Chicago,DuPage County,73,RTA,2005,3,,36.61,,,25.64,,,367.36,3086.42,518.77,4313.02
Chicago,Cook County,33292,ST,2005,4,20429148.43,14457351.33,55278399.08,21383368.31,13857345.30,11705319.95,25983282.31,31788214.56,26412423.34,5793260.99,227088113.60
Chicago,Cook County,33292,MT,2005,4,4292275.12,8337289.41,11296819.05,4281439.50,2778202.65,2343522.66,5437299.09,8999830.04,5683816.62,1286915.92,54737410.06
Chicago,Cook County,33292,HMR,2005,4,5105647.65,3604638.85,13760041.48,5333401.82,3424659.19,2897768.24,3186377.90,7904930.56,6354883.12,1441075.45,53013424.26
Chicago,Cook County,33292,CHMR,2005,4,3063940.26,2165870.65,8274762.22,3204921.62,2076021.83,1743133.16,1916365.40,4760959.66,3826666.67,868142.79,31900784.26
Chicago,Cook County,33292,MPEA,2005,4,65415.45,559115.31,7221377.80,62814.00,953.00,,8179.00,165019.14,361737.29,8766.90,8453377.89
Chicago,Cook County,33292,RTA,2005,4,3270477.50,7613518.87,8530416.22,3211378.82,2085090.92,1757018.46,4096943.82,7412561.72,4350248.91,997234.75,43324889.99
Chicago,Cook County,33292,SRTA,2005,4,1021427.98,721992.51,2761692.85,1068627.11,692668.99,585214.41,1296487.55,1588299.05,1319886.08,289518.16,11345814.69
Chicago,DuPage County,77,ST,2005,4,,,,,952.73,,,13042.35,52075.84,7905.95,77294.88
Chicago,DuPage County,77,MT,2005,4,,,,,190.50,,,2632.59,10491.86,1650.34,15640.34
Chicago,DuPage County,77,HMR,2005,4,,,,,238.17,,,3260.05,13016.64,1967.95,18867.65
Chicago,DuPage County,77,CST,2005,4,,,,,47.61,,,651.85,2603.48,395.16,3863.90
Chicago,DuPage County,77,RTA,2005,4,,,,,47.64,,,658.15,2623.08,412.58,3910.23
Chicago,Cook County,30159,ST,2006,1,19453852.40,12391891.06,48942033.71,13833404.20,11293910.69,10233452.19,32507003.87,26389190.50,24096442.46,4734012.50,203875193.58
Chicago,Cook County,30159,MT,2006,1,4112191.25,7501577.42,10066976.09,2769174.89,2282112.59,2049113.46,6685121.83,8051223.63,5183718.43,1046211.85,49747421.44
Chicago,Cook County,30159,HMR,2006,1,4862493.09,3088395.58,12168699.74,3449989.91,2803609.34,2539506.91,2810581.00,6509445.18,5543753.69,1174769.45,44951243.89
Chicago,Cook County,30159,CHMR,2006,1,2917259.53,1856241.32,7327357.85,2073283.87,1691394.90,1525360.03,1689303.20,3919677.06,3339842.64,709434.98,27049155.38
Chicago,Cook County,30159,MPEA,2006,1,32832.24,320108.70,5401546.97,53945.00,770.17,,5588.00,75893.31,261713.26,7323.99,6159721.64
Chicago,Cook County,30159,RTA,2006,1,3138937.30,6882836.29,7619723.22,2077203.02,1717124.11,1537536.53,5020242.65,6735824.81,3973219.83,809803.68,39512451.44
Chicago,Cook County,30159,SRTA,2006,1,972600.97,618800.03,2444285.47,691338.09,564441.65,511639.92,1621127.79,1315835.23,1203829.12,236598.24,10180496.51
Chicago,DuPage County,69,ST,2006,1,,,,,45.09,,,26664.97,2758.70,4281.81,42386.32
Chicago,DuPage County,69,MT,2006,1,,,,,9.01,,,5353.07,613.67,882.14,8658.02
Chicago,DuPage County,69,HMR,2006,1,,,,,11.27,,,6666.12,689.32,1045.45,8768.57
Chicago,DuPage County,69,CST,2006,1,,,,,2.23,,,1333.11,137.73,213.96,2118.70
Chicago,DuPage County,69,RTA,2006,1,,,,,2.25,,,1338.29,153.51,220.55,2164.66
Chicago,Cook County,28529,ST,2006,2,19730435.16,15907240.82,60468482.86,18768716.07,12688037.53,13777302.76,33405971.17,31050849.85,27828737.35,5835593.13,239461366.70
Chicago,Cook County,28529,MT,2006,2,4165822.79,8575973.47,12394673.48,3756190.63,2539684.40,2758202.20,6963744.52,9219722.92,6014652.10,1278415.61,57667082.12
Chicago,Cook County,28529,HMR,2006,2,4932529.45,3962684.20,15078404.27,4680496.13,3159751.42,3418632.92,3435721.93,7724439.83,6565714.85,1456122.78,54414497.78
Chicago,Cook County,28529,CHMR,2006,2,2959574.89,2382816.83,9058117.39,2812984.90,1900130.54,2052331.19,2062668.95,4644009.61,3942774.17,874516.42,32689924.89
Chicago,Cook County,28529,MPEA,2006,2,56928.43,386624.71,7352343.84,55871.00,504.00,,10118.00,163465.88,392602.41,15745.91,8434204.18
Chicago,Cook County,28529,RTA,2006,2,3179348.62,7782492.44,9370353.61,2817436.30,1905140.37,2069518.08,5232316.60,7669807.57,4602264.72,986953.75,45615632.06
Chicago,Cook County,28529,SRTA,2006,2,986526.43,794246.25,3021042.41,938061.77,634153.90,688842.45,1664909.51,1551031.65,1400248.66,291668.57,11970731.60
Chicago,DuPage County,71,ST,2006,2,,,,,677.09,,,56432.46,6322.30,3624.08,79113.09
Chicago,DuPage County,71,MT,2006,2,,,,,135.39,,,11305.97,1305.32,762.05,15963.37
Chicago,DuPage County,71,HMR,2006,2,,,,,169.27,,,14108.02,1579.88,890.49,17232.22
Chicago,DuPage County,71,CST,2006,2,,,,,33.84,,,2821.43,315.94,181.03,3954.93
Chicago,DuPage County,71,RTA,2006,2,,,,,33.85,,,2826.58,326.38,190.54,3991.00
Chicago,Cook County,27842,ST,2006,3,18796077.12,14957938.56,61261332.35,18301235.09,12460235.84,12582907.15,37052305.87,29786492.62,29771269.27,5831404.38,240801198.25
Chicago,Cook County,27842,MT,2006,3,3997257.32,8218485.85,12557100.88,3661137.41,2494104.30,2519955.73,7710770.59,9036172.28,6322126.65,1266312.46,57783423.47
Chicago,Cook County,27842,HMR,2006,3,4697923.45,3722313.16,15275963.57,4567544.12,3101473.90,3129524.42,3529948.86,7376337.69,6931014.99,1455168.94,53787213.10
Chicago,Cook County,27842,CHMR,2006,3,2819191.00,2240620.42,9175471.20,2741966.98,1865906.83,1878452.74,2147344.75,4429731.98,4166251.49,874053.59,32338990.98
Chicago,Cook County,27842,MPEA,2006,3,39076.65,387448.60,7252650.11,62592.35,407.00,39.48,10412.00,136205.70,365000.01,16715.76,8270547.66
Chicago,Cook County,27842,RTA,2006,3,3057304.49,7468150.85,9492131.75,2745827.79,1871171.80,1891368.07,5805550.20,7548569.12,4817289.55,974992.31,45672355.93
Chicago,Cook County,27842,SRTA,2006,3,939772.87,747006.67,3061088.00,914536.17,622809.06,629128.44,1847236.80,1488045.16,1486565.90,291454.17,12027643.24
Chicago,DuPage County,69,ST,2006,3,,,,,,,,31952.77,37864.42,2294.34,82247.04
Chicago,DuPage County,69,MT,2006,3,,,,,,,,6403.76,7631.92,471.27,16566.12
Chicago,DuPage County,69,HMR,2006,3,,,,,,,,7988.12,9110.80,560.48,17778.32
Chicago,DuPage County,69,CST,2006,3,,,,,,,,1597.48,1893.02,114.62,4111.72
Chicago,DuPage County,69,RTA,2006,3,,,,,,,,1600.96,1836.96,117.79,4251.32
Chicago,Cook County,33858,ST,2006,4,25538389.95,14848565.74,59334626.82,21938778.34,14531189.89,11629478.13,30905480.03,32910033.63,26932731.77,5601028.74,244170303.04
Chicago,Cook County,33858,MT,2006,4,5408569.57,8583080.81,12147216.51,4390007.66,2910527.27,2329461.54,6424875.67,9783102.40,5787403.93,1242028.58,59006273.94
Chicago,Cook County,33858,HMR,2006,4,6383542.61,3704691.21,14800864.09,5478526.06,3626345.26,2900302.76,3110048.49,8163990.16,6409489.09,1395941.30,55973741.03
Chicago,Cook County,33858,CHMR,2006,4,3830708.93,2224389.14,8889889.78,3288815.05,2177818.62,1741556.31,1879300.62,4902727.74,3851905.67,838864.05,33625975.91
Chicago,Cook County,33858,MPEA,2006,4,54793.90,379034.99,7476114.24,64475.46,453.00,,8579.00,161586.94,386030.78,9247.87,8540316.18
Chicago,Cook County,33858,RTA,2006,4,4131748.02,7840252.38,9177730.06,3292349.46,2184070.74,1747980.63,4840525.36,8139949.46,4432748.64,962107.84,46749462.59
Chicago,Cook County,33858,SRTA,2006,4,1276873.07,741477.49,2965138.25,1096675.27,726452.34,581457.60,1542384.34,1643841.06,1343671.75,279920.18,12197891.35
Chicago,DuPage County,73,ST,2006,4,,,,,,,,24964.45,8869.85,2769.93,45638.38
Chicago,DuPage County,73,MT,2006,4,,,,,,,,5022.51,1879.77,578.28,9588.71
Chicago,DuPage County,73,HMR,2006,4,,,,,,,,6241.01,1851.75,682.83,9576.72
Chicago,DuPage County,73,CST,2006,4,,,,,,,,1248.00,443.25,138.32,2281.15
Chicago,DuPage County,73,RTA,2006,4,,,,,,,,1255.74,470.03,144.60,2397.44
Chicago,Cook County,29611,ST,2007,1,18724011.22,13517195.24,52669162.98,16792751.18,12111790.74,9648357.88,32651537.25,28271581.15,24540999.65,4428674.77,213356062.06
Chicago,Cook County,29611,MT,2007,1,4056397.27,7926905.41,10787309.63,3360362.09,2425206.09,1932350.61,6761895.99,8740611.44,5270350.25,989026.85,52250415.63
Chicago,Cook County,29611,HMR,2007,1,4678136.01,3368923.47,13137558.62,4194948.46,3023008.38,2400032.84,3015600.67,6977288.63,5751159.72,1106422.42,47653079.22
Chicago,Cook County,29611,CHMR,2007,1,2807627.83,2024687.16,7885879.38,2517034.23,1813821.22,1442820.29,1811391.79,4196619.90,3458809.50,663751.57,28622442.87
Chicago,Cook County,29611,MPEA,2007,1,29307.62,352370.83,5804174.90,51238.00,442.00,,5363.00,138282.37,226307.67,10779.95,6618266.34
Chicago,Cook County,29611,RTA,2007,1,3119367.86,7251880.77,8149897.39,2520221.12,1821876.49,1449934.23,5098039.64,7327048.23,4038546.52,767998.48,41544810.73
Chicago,Cook County,29611,SRTA,2007,1,936128.03,674906.66,2630954.33,839365.62,605264.56,482388.63,1627745.54,1412946.28,1225933.65,221354.26,10656987.56
Chicago,DuPage County,75,ST,2007,1,,,,,,,,23425.74,8140.28,3778.74,42730.22
Chicago,DuPage County,75,MT,2007,1,,,,,,,,4793.66,1724.92,820.05,9661.95
Chicago,DuPage County,75,HMR,2007,1,,,,,,,,5856.37,1793.38,941.14,8728.71
Chicago,DuPage County,75,CST,2007,1,,,,,,,,1171.08,397.02,188.79,2125.97
Chicago,DuPage County,75,RTA,2007,1,,,,,,,,1198.47,431.32,205.06,2419.75
Chicago,Cook County,29293,ST,2007,2,19147020.82,15609130.70,63072622.18,20045717.79,12227632.05,13543146.92,33784153.52,30982987.30,24285995.65,5256328.41,237954735.34
Chicago,Cook County,29293,MT,2007,2,4126694.54,8612958.56,12902628.60,4011486.61,2449883.86,2714879.50,7000904.82,9383120.16,5234426.45,1152510.57,57589493.67
Chicago,Cook County,29293,HMR,2007,2,4782521.81,3885721.43,15734917.20,5007459.10,3048996.02,3368246.14,3370391.39,7666832.78,5690282.38,1311452.01,53866820.26
Chicago,Cook County,29293,CHMR,2007,2,2871555.16,2338038.59,9449467.55,3005038.21,1831693.56,2029158.08,2024442.94,4616549.06,3408808.54,787835.64,32362587.33
Chicago,Cook County,29293,MPEA,2007,2,47302.18,424822.52,7812461.76,61538.00,507.00,,10300.00,226543.72,323252.79,16915.77,8923643.74
Chicago,Cook County,29293,RTA,2007,2,3168937.90,7832283.55,9748100.40,3009069.51,1838398.88,2038274.15,5269723.20,7835383.26,4006231.07,889620.03,45636021.95
Chicago,Cook County,29293,SRTA,2007,2,957318.19,779482.07,3150999.66,1002076.76,611232.94,677108.67,1683742.72,1548162.16,1205801.95,262759.89,11878685.01
Chicago,DuPage County,75,ST,2007,2,,,,,14789.25,,4717.36,20490.08,5862.90,3607.66,49839.30
Chicago,DuPage County,75,MT,2007,2,,,,,2957.81,,943.13,4316.68,1376.88,732.40,11143.13
Chicago,DuPage County,75,HMR,2007,2,,,,,3697.29,,211.24,5122.42,1465.66,898.19,11487.77
Chicago,DuPage County,75,CST,2007,2,,,,,739.43,,235.60,1024.32,292.96,180.29,2491.16
Chicago,DuPage County,75,RTA,2007,2,,,,,739.46,,235.81,1079.19,344.29,183.11,2785.90
Chicago,Cook County,30744,ST,2007,3,18433970.46,15772296.40,65760330.26,19807147.52,12481859.22,12100610.70,33203729.52,31095478.39,27487604.49,5080148.78,241223175.74
Chicago,Cook County,30744,MT,2007,3,4012695.98,8773158.98,13415645.16,3963550.58,2503163.77,2423576.33,6944099.11,9954884.00,5905309.95,1136604.91,59032688.77
Chicago,Cook County,30744,HMR,2007,3,4604428.42,3926873.65,16397819.01,4947917.99,3111899.13,3012130.53,3312782.08,7713515.05,6475477.08,1269377.90,54772220.84
Chicago,Cook County,30744,CHMR,2007,3,2764991.82,2362260.43,9842445.90,2969651.23,1870129.95,1810039.16,1990561.49,4634548.79,3891087.14,761611.35,32897327.26
Chicago,Cook County,30744,MPEA,2007,3,31768.54,420195.11,7788671.95,61444.00,572.26,,11342.00,188772.39,332299.84,17994.82,8853060.91
Chicago,Cook County,30744,RTA,2007,3,3091037.41,7984799.79,10129962.64,2973447.59,1878636.48,1817268.02,5215262.10,8400345.45,4520824.95,882823.63,46894408.06
Chicago,Cook County,30744,SRTA,2007,3,921655.75,787408.98,3282080.58,990126.21,623965.53,605019.92,1654675.39,1553618.74,1373326.19,253948.40,12045825.69
Chicago,DuPage County,86,ST,2007,3,,,,,37604.63,,,51834.55,6609.21,2196.98,111034.91
Chicago,DuPage County,86,MT,2007,3,,,,,7520.90,,,10521.69,1520.31,450.92,23379.85
Chicago,DuPage County,86,HMR,2007,3,,,,,9401.15,,,11913.62,1648.75,537.18,23842.33
Chicago,DuPage County,86,CST,2007,3,,,,,1880.21,,,2591.41,330.26,109.71,5550.79
Chicago,DuPage County,86,RTA,2007,3,,,,,1880.21,,,2630.51,380.14,112.80,5845.25
Chicago,Cook County,25802,ST,2007,4,24157035.95,16602026.54,60171497.86,23194118.02,14244944.43,11006077.07,30129798.64,33854848.06,27997755.69,5477310.83,246835413.09
Chicago,Cook County,25802,MT,2007,4,5177641.51,9605366.88,12258129.36,4641777.14,2857933.84,2204736.10,6269574.13,10284018.41,6033866.84,1205983.34,60539027.55
Chicago,Cook County,25802,HMR,2007,4,6038810.76,4144022.29,15007881.65,5792368.91,3556014.34,2744834.43,3179400.45,8323976.35,6621210.39,1358394.34,56766913.91
Chicago,Cook County,25802,CHMR,2007,4,3623443.90,2487995.70,9007335.39,3475957.61,2134372.98,1649716.98,1909165.46,4997947.70,3980503.33,815360.88,34081799.93
Chicago,Cook County,25802,MPEA,2007,4,42692.66,418971.63,7689985.02,82882.07,348.00,,8403.00,228927.29,326991.73,11093.76,8810295.16
Chicago,Cook County,25802,RTA,2007,4,3969824.82,8774362.15,9249035.84,3480074.83,2145173.58,1654563.06,4731092.58,8590148.58,4631106.37,933555.70,48158937.51
Chicago,Cook County,25802,SRTA,2007,4,1207815.64,829422.73,3004297.03,1159496.38,712048.03,550274.75,1500441.16,1692057.99,1398271.91,272341.68,12326467.30
Chicago,DuPage County,71,ST,2007,4,,,,,,,,345696.53,29528.51,3077.75,423184.48
Chicago,DuPage County,71,MT,2007,4,,,,,,,,69106.80,6109.99,638.30,85202.60
Chicago,DuPage County,71,HMR,2007,4,,,,,,,,86271.51,3573.57,769.39,99949.75
Chicago,DuPage County,71,CST,2007,4,,,,,,,,17254.28,1476.44,153.82,21128.47
Chicago,DuPage County,71,RTA,2007,4,,,,,,,,17276.69,1527.52,159.51,21300.46
Chicago,Cook County,24593,ST,2008,1,16376730.52,14522432.93,54543690.25,16116505.66,12274350.31,8782763.62,28274424.82,28206872.43,24329762.86,4037671.66,207465205.06
Chicago,Cook County,24593,MT,2008,1,3614754.39,8744793.05,11130126.79,3224643.07,2457712.76,1759007.42,5853283.99,8962534.29,5240716.88,913064.47,51900637.11
Chicago,Cook County,24593,HMR,2008,1,4093963.07,3625352.51,13623033.65,4023311.09,3057509.05,2182913.15,3188261.88,7009740.75,5680994.35,1008829.08,47493908.58
Chicago,Cook County,24593,CHMR,2008,1,2456387.54,2176372.70,8177517.30,2415828.24,1838448.05,1314391.63,1913855.21,4210874.47,3416122.39,605130.40,28524927.93
Chicago,Cook County,24593,MPEA,2008,1,20385.30,379811.44,6042073.87,64076.00,,66.00,6173.00,143183.88,240083.84,11902.93,6907756.26
Chicago,Cook County,24593,RTA,2008,1,2795955.12,8018913.81,8402012.52,2418779.33,1844321.74,1319613.41,4472160.28,7551613.91,4027361.41,711168.48,41561900.01
Chicago,Cook County,24593,SRTA,2008,1,818795.69,725499.43,2726650.48,805459.68,613295.71,438882.15,1412227.16,1409535.18,1209334.23,201844.73,10361524.44
Chicago,DuPage County,71,ST,2008,1,,1696.63,,,,,,105493.89,3510.07,2840.68,315434.20
Chicago,DuPage County,71,MT,2008,1,,1012.08,,,,,,21170.41,902.85,578.41,64040.95
Chicago,DuPage County,71,HMR,2008,1,,424.15,,,,,,26373.27,877.47,702.60,41542.10
Chicago,DuPage County,71,CST,2008,1,,84.84,,,,,,5274.69,175.47,141.96,15770.44
Chicago,DuPage County,71,RTA,2008,1,,253.02,,,,,,5292.62,225.70,144.47,30379.39
Chicago,Cook County,22844,ST,2008,2,19134197.09,16074137.40,66973973.56,21106348.18,12566972.09,11793668.97,31152090.62,30176755.40,27639235.89,-377041.93,236240337.27
Chicago,Cook County,22844,MT,2008,2,4174874.81,9111289.23,13612163.53,4221068.06,2516850.79,2363277.53,6550176.93,9333432.69,5994061.04,26843.21,57904037.82
Chicago,Cook County,22844,HMR,2008,2,4782764.85,4019344.33,16707044.68,5269323.87,3135568.81,2956439.89,3551020.29,7562443.14,6498542.91,174328.48,54656821.25
Chicago,Cook County,22844,CHMR,2008,2,2869778.62,2409024.38,10028093.24,3163039.51,1882104.33,1773826.59,2131840.95,4540326.28,3900813.80,-58024.43,32640823.27
Chicago,Cook County,22844,MPEA,2008,2,23959.48,458877.79,8037415.94,73435.00,,60.00,10260.00,197359.49,300673.31,20850.85,9122891.86
Chicago,Cook County,22844,RTA,2008,2,4251090.04,10547979.67,13500718.65,4205874.18,2482062.25,2337709.83,6431019.03,10111843.45,5990222.29,310223.59,60168742.98
Chicago,Cook County,22844,SRTA,2008,2,956603.72,803222.29,3343879.52,1054260.35,628012.89,589580.17,1554859.14,1507826.79,1380941.91,-19234.65,11799952.13
Chicago,DuPage County,70,ST,2008,2,,1516.61,,,,,,107210.67,1668.06,2408.57,659822.41
Chicago,DuPage County,70,MT,2008,2,,1389.53,,,,,,21864.27,485.50,483.94,133622.88
Chicago,DuPage County,70,HMR,2008,2,,379.16,,,,,,26802.74,-133.65,598.54,47125.76
Chicago,DuPage County,70,CST,2008,2,,75.86,,,,,,5360.62,83.37,120.40,32987.96
Chicago,DuPage County,70,RTA,2008,2,,958.38,,,,,,15445.27,616.23,354.21,97412.67
Chicago,Cook County,22732,ST,2008,3,17809861.82,16463894.13,65629459.09,19618540.83,11375217.63,10654277.41,27896681.57,30335370.23,27944921.31,5397548.12,233125772.14
Chicago,Cook County,22732,MT,2008,3,3914992.64,9305119.07,13353446.82,3924495.74,2276932.38,2135412.93,5913137.55,9349521.93,6013536.48,1177997.82,57364593.36
Chicago,Cook County,22732,HMR,2008,3,4451867.69,4110918.54,16378615.29,4895160.84,2834156.45,2678583.98,3369073.94,7542104.41,6638762.51,1343911.85,54243155.50
Chicago,Cook County,22732,CHMR,2008,3,6218021.96,5666472.23,22391574.75,6789520.90,3929310.00,3654430.66,4640195.14,10336927.71,8957862.37,1789226.00,74373541.72
Chicago,Cook County,22732,MPEA,2008,3,23302.90,439209.48,8033905.78,63802.00,,62.00,12726.00,226639.18,315740.16,23776.91,9139164.41
Chicago,Cook County,22732,RTA,2008,3,4000709.70,10784234.99,13336566.40,3915574.78,2290766.44,2134597.10,5917218.81,10147349.09,6093517.81,1198532.00,59819067.12
Chicago,Cook County,22732,SRTA,2008,3,890407.35,822536.18,3277550.67,980199.74,567965.53,532600.43,1392182.49,1516080.76,1392991.12,268727.26,11641241.53
Chicago,DuPage County,67,ST,2008,3,,3469.24,,,,,,159704.08,7520.68,1779.45,366328.78
Chicago,DuPage County,67,MT,2008,3,,1954.45,,,,,,32946.41,1706.20,364.77,75846.52
Chicago,DuPage County,67,HMR,2008,3,,867.14,,,,,,39925.25,1658.63,445.54,45104.15
Chicago,DuPage County,67,CST,2008,3,,173.44,,,,,,7985.10,376.04,88.99,18341.59
Chicago,DuPage County,67,RTA,2008,3,,1465.74,,,,,,24667.92,1278.14,281.92,59417.50
Chicago,Cook County,24613,ST,2008,4,21437491.83,15475391.73,59300099.11,20111282.88,11775476.24,9553568.08,21687759.90,29567972.59,23942513.11,5182748.46,218034303.93
Chicago,Cook County,24613,MT,2008,4,4666965.39,9534324.58,12051780.73,4022093.07,2364680.39,1916368.41,4600868.15,9339913.21,5236411.73,1142792.75,54876198.41
Chicago,Cook County,24613,HMR,2008,4,5358727.71,3883317.75,14781992.10,5020712.25,2938879.47,2387590.39,2658669.11,7340233.58,5710434.43,1292489.33,51373046.12
Chicago,Cook County,24613,CHMR,2008,4,7497958.52,5406591.84,20486630.68,6994629.74,4116315.69,3292467.65,3681320.53,10136044.57,7911836.42,1790581.57,71314377.21
Chicago,Cook County,24613,MPEA,2008,4,35095.44,411387.37,7254326.40,88507.95,,42.00,8388.00,217735.92,269490.60,15076.50,8300050.18
Chicago,Cook County,24613,RTA,2008,4,4761061.73,11131196.92,12070949.99,4017726.10,2374044.39,1914925.26,4610508.87,10162098.41,5334091.64,1167102.28,57543705.59
Chicago,Cook County,24613,SRTA,2008,4,1071764.34,773701.10,2959018.20,1004662.92,588639.92,477630.16,1079596.82,1477833.76,1198417.36,258602.74,10889867.32
Chicago,DuPage County,64,ST,2008,4,,2932.49,,,,,,66774.06,19818.17,1846.64,251913.53
Chicago,DuPage County,64,MT,2008,4,,1719.87,,,,,,14856.33,4073.57,377.16,53100.83
Chicago,DuPage County,64,HMR,2008,4,,732.59,,,,,,16692.93,4681.45,461.46,33971.84
Chicago,DuPage County,64,CST,2008,4,,146.59,,,,,,3338.65,990.87,92.32,12586.39
Chicago,DuPage County,64,RTA,2008,4,,1307.31,,,,,,11168.38,3054.32,282.97,39868.95
Chicago,Cook County,22542,ST,2009,1,15930152.44,14210465.29,51625933.12,14389878.14,9909664.76,7519461.71,21929091.65,25345979.61,19146866.33,4088421.89,184095914.94
Chicago,Cook County,22542,MT,2009,1,3569816.10,8799317.41,10499519.67,2881934.11,1989095.50,1507727.42,4650895.63,8397347.83,4213192.13,922517.34,47431363.14
Chicago,Cook County,22542,HMR,2009,1,3981751.53,3547850.34,12882094.28,3590175.29,2474077.79,1878767.70,2643365.71,6289642.04,4470831.51,1018089.16,42776645.35
Chicago,Cook County,22542,CHMR,2009,1,5533055.21,4908948.30,17877960.72,4990070.13,3434240.28,2594291.54,3606666.75,8706056.23,6163340.54,1378530.57,59193160.27
Chicago,Cook County,22542,MPEA,2009,1,12903.48,375622.07,5369224.40,51460.99,,34.00,5636.00,97503.98,179627.87,10096.68,6102109.47
Chicago,Cook County,22542,RTA,2009,1,3655548.59,10274303.32,10514950.32,2874905.66,1986520.01,1506191.78,4634969.08,9210879.02,4291235.05,937130.17,49886633.00
Chicago,Cook County,22542,SRTA,2009,1,796478.93,710102.93,2578626.32,718965.85,495550.74,375823.07,1092602.59,1265233.60,955950.56,204335.12,9193669.71
Chicago,DuPage County,60,ST,2009,1,,3719.33,,,,,,34241.70,10091.41,975.70,174534.10
Chicago,DuPage County,60,MT,2009,1,,1252.74,,,,,,8464.19,2187.21,196.75,37139.72
Chicago,DuPage County,60,HMR,2009,1,,929.64,,,,,,8559.49,2219.88,243.61,19074.76
Chicago,DuPage County,60,CST,2009,1,,185.91,,,,,,1712.05,504.57,48.77,8710.20
Chicago,DuPage County,60,RTA,2009,1,,939.45,,,,,,6346.17,1641.29,147.59,27767.37
Chicago,Cook County,21565,ST,2009,2,17062153.13,15478387.78,61585313.80,18007592.51,9588614.56,10787988.77,24430370.39,27357849.40,20788955.49,3919891.47,209007117.30
Chicago,Cook County,21565,MT,2009,2,3785644.12,8921792.64,12510394.87,3606323.15,1923645.64,2162892.88,5169915.63,8853158.03,4574401.19,858476.81,52366644.96
Chicago,Cook County,21565,HMR,2009,2,4264760.06,3867112.23,15368090.32,4494950.14,2390220.53,2695539.55,2952473.68,6797860.05,4831600.73,944625.25,48607232.54
Chicago,Cook County,21565,CHMR,2009,2,5966724.06,5395269.44,21459223.14,6282022.00,3332141.75,3745354.61,4106964.49,9484275.46,6745471.18,1312428.59,67829874.72
Chicago,Cook County,21565,MPEA,2009,2,29261.34,413739.93,7454202.06,89547.65,68.00,35.00,12020.00,141278.29,290415.96,20155.78,8450724.01
Chicago,Cook County,21565,RTA,2009,2,3878771.19,10370101.34,12549953.60,3604185.05,1921007.56,2163588.35,5182190.90,9690658.54,4667238.08,885684.50,54913379.11
Chicago,Cook County,21565,SRTA,2009,2,852980.75,773648.29,3075647.61,899740.69,479287.66,539191.71,1217999.47,1366278.17,1037484.66,189244.45,10431503.46
Chicago,DuPage County,59,ST,2009,2,,1865.91,,,,,,58163.21,14043.76,1532.23,270970.81
Chicago,DuPage County,59,MT,2009,2,,983.04,,,,,,13395.73,2928.98,375.98,56745.67
Chicago,DuPage County,59,HMR,2009,2,,466.40,,,,,,14540.28,3285.00,382.93,34966.71
Chicago,DuPage County,59,CST,2009,2,,93.34,,,,,,2908.16,702.24,76.64,13545.38
Chicago,DuPage County,59,RTA,2009,2,,737.25,,,,,,9947.73,2196.76,282.17,42460.88
Chicago,Cook County,21664,ST,2009,3,17083146.52,15966932.20,62734348.25,17677140.54,9744032.58,9596660.27,24531930.83,29513914.71,21146697.26,4329727.18,212324530.34
Chicago,Cook County,21664,MT,2009,3,3768211.33,8972378.24,12741801.70,3546478.48,1955633.39,1924423.04,5257388.24,9225182.40,4656802.72,937748.30,52986047.84
Chicago,Cook County,21664,HMR,2009,3,4270877.72,3987953.68,15656677.90,4417425.07,2428580.47,2398591.16,3091424.51,7347888.85,4996490.66,1063050.45,49658960.47
Chicago,Cook County,21664,CHMR,2009,3,5978374.89,5571597.49,21835647.04,6176369.66,3389031.39,3338607.63,4288785.17,10213784.59,6955062.10,1485798.00,69233057.96
Chicago,Cook County,21664,MPEA,2009,3,20725.47,446245.97,7326470.18,66121.44,,,12744.00,184429.80,276993.21,17866.02,8351596.09
Chicago,Cook County,21664,RTA,2009,3,3856040.13,10413093.79,12767576.49,3547888.95,1954306.22,1925599.89,5283215.89,10043128.34,4745117.82,963055.91,55499023.43
Chicago,Cook County,21664,SRTA,2009,3,854182.95,797991.37,3134349.46,883659.53,487047.98,479763.99,1224264.00,1472888.74,1056537.14,212621.11,10603306.27
Chicago,DuPage County,58,ST,2009,3,,,,,,,,28886.20,20966.55,-11400.51,163891.41
Chicago,DuPage County,58,MT,2009,3,,,,,,,,7394.05,4319.60,-2270.64,35142.53
Chicago,DuPage County,58,HMR,2009,3,,,,,,,,7220.76,5241.37,-2657.17,29112.59
Chicago,DuPage County,58,CST,2009,3,,,,,,,,1444.25,1048.33,-570.06,8194.42
Chicago,DuPage County,58,RTA,2009,3,,,,,,,,5543.99,3239.72,-467.39,27583.49
Chicago,Cook County,24266,ST,2009,4,22496265.51,16263558.97,57398186.68,19891881.35,11382062.72,8680993.32,22458158.78,30182974.17,19589676.30,4303391.82,212647149.62
Chicago,Cook County,24266,MT,2009,4,4849822.33,9183905.78,11699645.10,3991660.27,2287025.70,1744231.46,4752472.61,9436130.83,4351911.44,980332.30,53277137.82
Chicago,Cook County,24266,HMR,2009,4,5623500.59,4064747.79,14326178.46,4971875.76,2841321.72,2169784.31,3098979.33,7523457.45,4604437.08,1074809.45,50299091.94
Chicago,Cook County,24266,CHMR,2009,4,7871693.54,5678657.72,20021136.03,6956331.77,3965980.42,3023071.43,4262262.85,10521503.12,6486303.16,1495931.64,70282871.68
Chicago,Cook County,24266,MPEA,2009,4,34301.44,477743.94,7093043.75,73355.94,,,8899.48,203047.58,285972.15,15870.12,8192234.40
Chicago,Cook County,24266,RTA,2009,4,4937035.22,10665008.09,11737210.66,3993424.56,2287370.59,1746022.46,4737950.88,10283370.69,4461402.88,1007979.93,55856775.96
Chicago,Cook County,24266,SRTA,2009,4,1124761.50,813011.39,2868412.63,994616.25,568890.29,433995.24,1121572.90,1509015.36,978899.58,215042.48,10628217.62
Chicago,DuPage County,58,ST,2009,4,,354.22,,,,,,31183.89,11158.39,604.35,99008.05
Chicago,DuPage County,58,MT,2009,4,,724.31,,,,,,7827.01,2333.84,129.30,22155.88
Chicago,DuPage County,58,HMR,2009,4,,88.55,,,,,,7709.07,2789.33,151.00,18891.57
Chicago,DuPage County,58,CST,2009,4,,17.69,,,,,,1541.86,557.89,30.18,4932.96
Chicago,DuPage County,58,RTA,2009,4,,543.27,,,,,,5870.19,1750.30,96.93,16947.56
Chicago,Cook County,23278,ST,2010,1,16130775.52,15135648.75,52789221.28,15837948.38,9153894.74,7081286.14,25032674.99,25964155.75,18136118.61,3386483.06,188648207.22
Chicago,Cook County,23278,MT,2010,1,3576972.87,8480266.08,10752458.34,3179365.67,1838560.82,1419783.48,5279105.81,8227771.78,4025989.56,780863.45,47561137.86
Chicago,Cook County,23278,HMR,2010,1,4031286.66,3775962.01,13168751.04,3957479.91,2285105.73,1778680.09,3312644.10,6457273.77,4161465.68,845916.06,43774565.05
Chicago,Cook County,23278,CHMR,2010,1,5641193.74,5274306.44,18374873.50,5535557.66,3194613.22,2465641.64,4535635.77,9020565.39,5777427.12,1177840.56,60997655.04
Chicago,Cook County,23278,MPEA,2010,1,20605.91,423131.35,5915171.82,50353.96,,,5466.00,130965.10,203813.85,11205.21,6760713.20
Chicago,Cook County,23278,RTA,2010,1,3663659.58,9838339.34,10781772.38,3180784.01,1839544.21,1419021.77,5237339.66,8980532.92,4115926.90,805692.57,49862613.34
Chicago,Cook County,23278,SRTA,2010,1,806458.18,755797.87,2636767.59,791764.60,457505.51,354122.32,1249566.88,1297111.77,906413.89,169215.08,9424723.69
Chicago,DuPage County,63,ST,2010,1,,,,,52916.48,,,23566.15,16772.02,668.46,144885.21
Chicago,DuPage County,63,MT,2010,1,,,,,10583.29,,,6350.67,3468.59,139.75,31254.28
Chicago,DuPage County,63,HMR,2010,1,,,,,13229.00,,,5890.78,4192.59,167.10,23675.96
Chicago,DuPage County,63,CST,2010,1,,,,,2645.85,,,1178.14,838.62,33.43,7244.11
Chicago,DuPage County,63,RTA,2010,1,,,,,7937.48,,,4763.78,2601.48,104.83,23431.99
Chicago,Cook County,21410,ST,2010,2,17496029.03,16819146.28,65129935.40,18992791.20,10330781.82,10660728.38,29486038.89,27819088.38,21760246.66,3788259.61,222283045.65
Chicago,Cook County,21410,MT,2010,2,3843672.37,9009071.61,13235524.95,3804365.90,2073366.13,2137648.06,6178019.59,8370558.36,5428243.85,856436.98,54936907.80
Chicago,Cook County,21410,HMR,2010,2,4371601.00,4201489.64,16250068.67,4748314.72,2573369.26,2657755.72,3520961.05,6913474.77,4989354.67,938885.90,51165275.40
Chicago,Cook County,21410,CHMR,2010,2,6114867.09,5869463.23,22640455.87,6650174.21,3584166.51,3696808.13,4876876.84,9653619.21,6955330.64,1306395.31,71348157.04
Chicago,Cook County,21410,MPEA,2010,2,24729.75,472386.43,7628401.23,64021.37,,,9106.02,196106.30,283063.81,17260.45,8695075.36
Chicago,Cook County,21410,RTA,2010,2,3927704.74,10417422.08,13263912.49,3807251.20,2068716.67,2131850.72,6140775.42,9068038.00,5674048.33,880991.33,57380710.98
Chicago,Cook County,21410,SRTA,2010,2,874726.46,840556.20,3253035.51,949483.19,516231.74,532938.50,1472070.03,1389509.66,1081526.99,188845.46,11098923.74
Chicago,DuPage County,53,ST,2010,2,,,,,,,54975.12,28303.02,19396.75,969.40,171171.79
Chicago,DuPage County,53,MT,2010,2,,,,,,,10994.80,7458.90,4002.09,200.07,36361.21
Chicago,DuPage County,53,HMR,2010,2,,,,,,,246.07,7075.35,4849.09,242.24,29294.43
Chicago,DuPage County,53,CST,2010,2,,,,,,,2748.66,1415.08,969.77,48.43,8558.44
Chicago,DuPage County,53,RTA,2010,2,,,,,,,8109.65,5593.38,3001.56,149.96,27133.67
Chicago,Cook County,21567,ST,2010,3,16994919.25,17211273.40,66958675.06,17828215.16,11036993.67,10059326.85,29091840.42,29532243.16,23853500.06,3887790.57,226454777.60
Chicago,Cook County,21567,MT,2010,3,3989240.69,8835301.67,13595020.50,3799892.28,2255907.93,2062367.97,6162150.99,8608282.54,5883913.78,902603.20,56094681.55
Chicago,Cook County,21567,HMR,2010,3,4481161.82,4292758.33,16673097.28,4739302.46,2797922.98,2564658.65,3757661.85,7164777.77,5671066.04,1011344.34,53153751.52
Chicago,Cook County,21567,CHMR,2010,3,4482768.57,4276589.77,16858556.05,4798297.75,2819056.66,2589701.79,3781787.83,7272530.43,5757808.64,1032322.05,53669419.54
Chicago,Cook County,21567,MPEA,2010,3,22101.00,508832.30,7782272.22,67795.10,,,11247.00,299663.38,299082.26,19942.08,9010935.34
Chicago,Cook County,21567,RTA,2010,3,4089024.82,10159628.04,13615059.51,3798646.52,2237989.52,2061738.31,6119773.81,9306217.50,6107455.74,924607.72,58420141.49
Chicago,Cook County,21567,SRTA,2010,3,896243.60,860021.24,3339332.42,948460.61,560386.01,513635.61,1452758.58,1439599.52,1219206.45,202990.49,11432634.53
Chicago,DuPage County,63,ST,2010,3,,,,,37190.38,,,31033.29,124032.55,1098.14,212693.29
Chicago,DuPage County,63,MT,2010,3,,,,,7438.06,,,8251.60,24918.76,223.08,44928.23
Chicago,DuPage County,63,HMR,2010,3,,,,,9297.54,,,8269.60,31007.90,274.30,49063.81
Chicago,DuPage County,63,CST,2010,3,,,,,1859.51,,,1653.94,6201.56,54.89,10736.79
Chicago,DuPage County,63,RTA,2010,3,,,,,5578.53,,,6188.21,18577.72,167.28,33584.31
Chicago,Cook County,23992,ST,2010,4,23297274.35,17192013.91,63037549.39,23385740.58,12206252.48,9277776.27,28697259.00,31203337.48,23436157.45,4517776.00,236251136.91
Chicago,Cook County,23992,MT,2010,4,5126179.58,9260087.23,12849329.86,4708095.49,2463033.31,1863089.72,6006227.18,9273498.43,5729282.94,1018697.08,58297520.82
Chicago,Cook County,23992,HMR,2010,4,5807457.22,4295574.67,15761904.43,5876651.84,3044544.35,2319075.98,3834053.37,7777436.77,5479105.65,1123857.34,55319661.62
Chicago,Cook County,23992,CHMR,2010,4,5787666.59,4322757.00,15889257.26,5886914.58,3044479.87,2323581.19,3854110.90,7852615.38,5515060.56,1129164.16,55605607.49
Chicago,Cook County,23992,MPEA,2010,4,36104.43,457856.14,7666695.75,73067.12,,,8181.00,292589.52,313829.75,13180.05,8861503.76
Chicago,Cook County,23992,RTA,2010,4,5224088.65,10711816.05,12897954.62,4707310.25,2450379.58,1865420.53,5935796.86,10030353.65,5970473.10,1047220.96,60840814.25
Chicago,Cook County,23992,SRTA,2010,4,1164670.99,859449.81,3153585.24,1175656.94,612383.22,463792.94,1432230.28,1561142.63,1173489.45,225769.31,11822170.81
Chicago,DuPage County,58,ST,2010,4,,489.46,,,,,,32975.15,47275.74,1718.72,151829.24
Chicago,DuPage County,58,MT,2010,4,,446.91,,,,,,8485.13,9581.91,345.31,32733.19
Chicago,DuPage County,58,HMR,2010,4,,122.24,,,,,,8243.28,11818.79,429.17,31516.27
Chicago,DuPage County,58,CST,2010,4,,24.50,,,,,,1648.75,2363.77,85.87,7591.33
Chicago,DuPage County,58,RTA,2010,4,,335.18,,,,,,6361.53,7186.42,258.29,24534.32
Chicago,Cook County,22339,ST,2011,1,16534397.84,15023093.17,56062911.69,16087029.32,9993633.53,6984483.11,29148811.94,26852363.89,20170179.26,4065831.13,200922734.88
Chicago,Cook County,22339,MT,2011,1,3796330.77,8528364.17,11437973.77,3223941.31,2010399.55,1404362.44,6097555.92,8413418.39,5013899.60,896943.77,50823189.69
Chicago,Cook County,22339,HMR,2011,1,4132359.15,3753483.77,13988908.26,4024538.95,2491242.97,1745528.58,3677280.44,6657405.66,4620009.90,1011339.34,46102097.02
Chicago,Cook County,22339,CHMR,2011,1,4132917.53,3740922.28,14079425.26,4033395.29,2495803.49,1747462.16,3618267.64,6721836.29,4661497.13,1029212.36,46260739.43
Chicago,Cook County,22339,MPEA,2011,1,20222.61,354736.41,6550548.37,56391.23,,,6238.64,183653.50,236631.92,10831.83,7419254.51
Chicago,Cook County,22339,RTA,2011,1,3918810.51,9905765.85,11486108.48,3223488.45,2010937.17,1406123.67,6035865.40,9169165.15,5256250.25,914959.26,53327474.19
Chicago,Cook County,22339,SRTA,2011,1,826480.69,750855.28,2799906.58,805130.93,499208.02,349136.62,1455063.99,1340913.75,1007050.84,203162.03,10036908.73
Chicago,DuPage County,150,ST,2011,1,,273.48,,,52913.62,.02,,33034.66,13828.36,658.49,126449.30
Chicago,DuPage County,150,MT,2011,1,,445.40,,,10582.63,,,8678.45,2886.83,133.76,27874.75
Chicago,DuPage County,150,HMR,2011,1,,68.15,,,13228.22,,,8256.81,3456.02,162.29,25732.15
Chicago,DuPage County,150,CST,2011,1,,13.67,,,2645.65,,,1651.39,691.44,32.91,6321.96
Chicago,DuPage County,150,RTA,2011,1,,334.06,,,7937.00,-.02,,6505.88,2165.40,99.17,20910.82
Chicago (Cook),Cook County,22963,ST,2011,2,18303100.56,17002783.86,71220714.82,21378449.46,11913371.73,10419141.12,31396544.34,28376652.51,23220855.30,4293510.15,237525123.85
Chicago (Cook),Cook County,22963,MT,2011,2,4096591.66,8986869.40,14498334.62,4321115.92,2392390.43,2090476.80,6580060.59,8928839.53,5423219.32,958099.50,58275997.77
Chicago (Cook),Cook County,22963,HMR,2011,2,4575711.70,4249615.41,17796693.86,5341908.84,2972998.00,2604087.91,4196678.09,7056092.11,5339871.89,1071257.98,55204915.79
Chicago (Cook),Cook County,22963,CHMR,2011,2,4574651.46,4259753.70,17844921.17,5347037.50,3037549.27,2607144.06,4208409.52,7015742.32,5361906.12,1070021.34,55327136.46
Chicago (Cook),Cook County,22963,MPEA,2011,2,26258.13,553470.22,8518228.66,69220.06,,,9838.00,190607.87,355691.67,16328.16,9739642.77
Chicago (Cook),Cook County,22963,RTA,2011,2,4205463.77,10380423.71,14554452.03,4329841.28,2391648.75,2091531.23,6547352.00,9740440.85,5598312.71,982089.41,60821555.74
Chicago (Cook),Cook County,22963,SRTA,2011,2,915146.55,850120.64,3560963.89,1068935.65,595660.72,520955.79,1569674.58,1418781.47,1161027.84,214666.34,11875933.47
Chicago (Dupage),DuPage County,58,ST,2011,2,,,,,,,,39408.71,9247.98,1073.22,158309.03
Chicago (Dupage),DuPage County,58,MT,2011,2,,,,,,,,9908.30,1961.75,217.04,34095.85
Chicago (Dupage),DuPage County,58,HMR,2011,2,,,,,,,,9851.70,2311.51,270.11,28592.60
Chicago (Dupage),DuPage County,58,CST,2011,2,,,,,,,,1970.41,462.36,53.64,7915.31
Chicago (Dupage),DuPage County,58,RTA,2011,2,,,,,,,,7431.16,1471.41,163.98,25573.20
Chicago (Cook),Cook County,22425,ST,2011,3,18715454.37,17932946.02,71590313.49,20797712.72,11317070.33,9856619.91,32302511.98,30761332.57,23841385.98,4390776.89,241506124.26
Chicago (Cook),Cook County,22425,MT,2011,3,4248309.11,9515236.49,14562621.24,4163110.59,2284218.49,1978961.78,6824336.86,9911108.31,5208756.73,980836.05,59677495.65
Chicago (Cook),Cook County,22425,HMR,2011,3,4676486.62,4482952.41,17887609.39,5198331.39,2835825.61,2462469.51,4088093.24,7653018.42,5465809.55,1084940.95,55835537.09
Chicago (Cook),Cook County,22425,CHMR,2011,3,4674131.58,4484202.34,17923041.77,5198473.36,2837108.05,2463572.10,4088886.40,7664859.16,5477421.27,1086542.85,55898238.88
Chicago (Cook),Cook County,22425,MPEA,2011,3,23570.54,517370.23,8691685.33,73437.86,,,11753.00,201532.10,421727.32,19691.09,9960767.47
Chicago (Cook),Cook County,22425,RTA,2011,3,4370137.51,10992524.31,14611913.38,4161894.53,2282228.56,1979463.59,6798342.71,10849114.72,5288112.49,1005604.52,62339336.32
Chicago (Cook),Cook County,22425,SRTA,2011,3,935770.32,896640.82,3579497.21,1039890.14,568366.66,492827.55,1614917.95,1538023.02,1192058.65,219537.72,12077530.04
Chicago (Dupage),DuPage County,54,ST,2011,3,,,,,,,,-2250.60,6188.39,1265.89,30005.30
Chicago (Dupage),DuPage County,54,MT,2011,3,,,,,,,,858.11,6242.19,255.95,12514.67
Chicago (Dupage),DuPage County,54,HMR,2011,3,,,,,,,,-563.13,1473.06,316.32,9966.53
Chicago (Dupage),DuPage County,54,CST,2011,3,,,,,,,,-112.51,309.45,63.28,1500.26
Chicago (Dupage),DuPage County,54,RTA,2011,3,,,,,,,,643.63,4681.66,191.94,9386.10
Chicago (Cook),Cook County,24633,ST,2011,4,23776006.85,17450497.93,69382059.53,23964005.86,16046722.15,9501150.32,29622433.57,29857931.91,23538284.32,4906307.11,248045399.55
Chicago (Cook),Cook County,24633,MT,2011,4,5294169.59,9486948.39,14129145.92,4796591.59,3224726.50,1909304.39,6209750.52,9911227.81,5196410.25,1093293.09,61251568.05
Chicago (Cook),Cook County,24633,HMR,2011,4,5943782.20,4361322.62,17335689.83,5989386.44,4009409.65,2374487.20,3695142.28,7445029.27,5382123.97,1222606.30,57758979.76
Chicago (Cook),Cook County,24633,CHMR,2011,4,5942965.23,4373029.92,17353936.74,5991141.87,4244226.46,2377421.74,3724417.04,7232983.19,5399347.39,1227189.89,57866659.47
Chicago (Cook),Cook County,24633,MPEA,2011,4,38275.98,497121.49,8393456.66,80355.30,,,8818.00,148596.83,413511.33,14031.49,9594167.08
Chicago (Cook),Cook County,24633,RTA,2011,4,5428264.18,10983252.88,14182197.06,4796058.85,3226689.56,1910870.06,6197542.69,10891504.03,5304257.09,1121134.63,64041771.03
Chicago (Cook),Cook County,24633,SRTA,2011,4,1188798.25,872517.29,3469082.76,1198194.95,802338.09,475056.32,1480855.12,1492858.54,1176892.11,245313.41,12401906.84
Chicago (Dupage),DuPage County,44,ST,2011,4,,,,,,,,-3692.16,10033.28,921.80,14933.55
Chicago (Dupage),DuPage County,44,MT,2011,4,,,,,,,,-381.39,-2798.09,184.31,-1339.86
Chicago (Dupage),DuPage County,44,HMR,2011,4,,,,,,,,-923.05,2508.04,230.30,2105.13
Chicago (Dupage),DuPage County,44,CST,2011,4,,,,,,,,-184.61,501.67,46.07,746.64
Chicago (Dupage),DuPage County,44,RTA,2011,4,,,,,,,,-285.95,-2564.88,138.22,-1471.09
Chicago (Cook),Cook County,22936,ST,2012,1,18887148.64,16185354.22,62117172.52,17352693.36,14166524.92,7891375.77,32494883.62,29752400.16,20989444.21,4220617.81,224057615.23
Chicago (Cook),Cook County,22936,MT,2012,1,4379185.22,9074313.20,12613418.04,3474530.11,2844321.07,1586403.73,6771568.73,9598795.07,4643573.06,948666.08,55934774.31
Chicago (Cook),Cook County,22936,HMR,2012,1,4721729.96,4042074.67,15522303.53,4337703.94,3540817.62,1972876.13,3924002.84,7119357.94,4739648.12,1055285.11,50975799.86
Chicago (Cook),Cook County,22936,CHMR,2012,1,3780820.40,3248417.37,12514514.20,3484186.67,3143918.72,1591084.32,3175410.23,5757413.80,3849422.23,873175.87,41418363.81
Chicago (Cook),Cook County,22936,MPEA,2012,1,20637.28,382219.21,7329519.27,62639.53,,,5681.00,235224.83,274425.14,11814.82,8322161.08
Chicago (Cook),Cook County,22936,RTA,2012,1,4528948.91,10525305.64,12652579.69,3473811.40,2846374.14,1588690.83,6731939.36,10565174.19,4728188.35,975265.49,58616278.00
Chicago (Cook),Cook County,22936,SRTA,2012,1,944356.49,809264.26,3105828.65,867860.58,708322.86,394567.37,1624618.59,1430861.63,1049462.41,211025.37,11146168.21
Chicago (Dupage),DuPage County,36,ST,2012,1,,,,,,,,8994.84,5589.37,791.91,24901.09
Chicago (Dupage),DuPage County,36,MT,2012,1,,,,,,,,2117.22,1194.21,158.28,5535.26
Chicago (Dupage),DuPage County,36,HMR,2012,1,,,,,,,,2248.45,1397.20,197.67,4112.92
Chicago (Dupage),DuPage County,36,CST,2012,1,,,,,,,,449.72,279.44,39.56,1244.89
Chicago (Dupage),DuPage County,36,RTA,2012,1,,,,,,,,1587.98,895.65,118.50,4151.20
Chicago (Cook),Cook County,22229,ST,2012,2,19479956.08,17586410.28,74911488.39,20923808.54,11191714.15,10867241.96,33456291.15,30008706.99,22267074.49,4657441.70,245350133.73
Chicago (Cook),Cook County,22229,MT,2012,2,4486559.39,9421681.78,15244069.35,4188012.31,2248632.50,2181160.24,6997092.06,10006166.29,4920802.61,1043657.59,60737834.12
Chicago (Cook),Cook County,22229,HMR,2012,2,4869961.54,4396294.82,18724498.02,5228329.96,2797165.69,2716613.76,4067691.87,7752882.29,5047822.48,1161005.62,56762266.05
Chicago (Cook),Cook County,22229,CHMR,2012,2,3896984.66,3523542.09,15056203.59,4188702.67,2243875.55,2181696.34,3280714.34,6237517.64,4051742.64,937523.13,45598502.65
Chicago (Cook),Cook County,22229,MPEA,2012,2,25550.78,484438.26,8813680.64,78352.67,,,8623.00,186461.39,444709.57,20299.90,10062116.21
Chicago (Cook),Cook County,22229,RTA,2012,2,4634097.82,10896271.68,15304486.13,4186593.62,2250495.80,2182872.50,6948964.81,10948944.31,5013466.32,1070743.17,63436936.16
Chicago (Cook),Cook County,22229,SRTA,2012,2,973996.46,879318.07,3745554.28,1046186.27,559579.66,543361.06,1672676.76,1557162.77,1113351.30,232870.67,12324057.30
Chicago (Dupage),DuPage County,36,ST,2012,2,,,,,,,,8925.56,6457.66,,30240.92
Chicago (Dupage),DuPage County,36,MT,2012,2,,,,,,,,2032.38,1363.47,,6417.33
Chicago (Dupage),DuPage County,36,HMR,2012,2,,,,,,,,2231.02,1614.04,,5917.76
Chicago (Dupage),DuPage County,36,CST,2012,2,,,,,,,,446.22,322.93,,1511.97
Chicago (Dupage),DuPage County,36,RTA,2012,2,,,,,,,,1524.21,1022.60,,4812.71
Chicago (Cook),Cook County,21999,ST,2012,3,20252543.30,17829150.93,76913960.05,20762801.69,11169721.93,10203943.65,34635762.59,32701834.90,23761760.25,4678290.38,252909769.67
Chicago (Cook),Cook County,21999,MT,2012,3,4662772.46,9575292.42,15666489.04,4157141.63,2245303.04,2049302.36,7363151.19,10289459.30,5210430.50,1041561.74,62260903.68
Chicago (Cook),Cook County,21999,HMR,2012,3,5062568.60,4456455.61,19210646.67,5188610.91,2791223.92,2550881.90,4306748.04,8133460.88,5382058.16,1165199.64,58247854.33
Chicago (Cook),Cook County,21999,CHMR,2012,3,4011607.78,3570134.35,15415007.91,4153032.15,2235914.77,2044583.96,3479643.79,6565256.86,4340193.08,932698.14,46748072.79
Chicago (Cook),Cook County,21999,MPEA,2012,3,23738.28,637075.53,9559876.81,82756.06,,,11674.00,192673.92,464024.34,21596.40,10993415.34
Chicago (Cook),Cook County,21999,RTA,2012,3,4776548.03,11074688.92,15723263.03,4156430.42,2247574.23,2051404.92,7353907.39,11212409.51,5294045.35,1066431.83,64956703.63
Chicago (Cook),Cook County,21999,SRTA,2012,3,1012624.66,891453.53,3845680.21,1038138.67,558466.70,510195.96,1731636.75,1635115.62,1188081.40,233913.44,12645306.94
Chicago (Dupage),DuPage County,34,ST,2012,3,,,,,,,,-212802.75,6232.09,,-191755.36
Chicago (Dupage),DuPage County,34,MT,2012,3,,,,,,,,-42359.20,1297.50,,-38052.66
Chicago (Dupage),DuPage County,34,HMR,2012,3,,,,,,,,-53201.26,1494.46,,-49767.24
Chicago (Dupage),DuPage County,34,CST,2012,3,,,,,,,,-10640.20,311.60,,-9587.85
Chicago (Dupage),DuPage County,34,RTA,2012,3,,,,,,,,-31769.84,973.12,,-28539.97
Chicago (Cook),Cook County,24639,ST,2012,4,25369709.55,17282467.43,72519520.04,24524384.93,13069444.98,9665668.81,34608436.51,34341769.69,24204330.64,5247258.18,260832990.76
Chicago (Cook),Cook County,24639,MT,2012,4,5723777.19,9591874.79,14768536.99,4909341.90,2627058.30,1943129.32,7261163.25,10772424.38,5322818.60,1174872.99,64094997.71
Chicago (Cook),Cook County,24639,HMR,2012,4,6342361.67,4319990.58,18107959.39,6128069.56,3266266.68,2416104.63,3933036.25,8559464.38,5400392.85,1295192.37,59768838.36
Chicago (Cook),Cook County,24639,CHMR,2012,4,5159455.60,3434207.39,14509394.20,4906717.16,2623132.63,1934389.92,3171550.26,6870004.94,4320596.86,1049794.58,47979243.54
Chicago (Cook),Cook County,24639,MPEA,2012,4,38663.34,439830.01,9161162.42,86068.00,,,10733.20,213858.46,460254.56,15320.00,10425889.99
Chicago (Cook),Cook County,24639,RTA,2012,4,5885960.95,11123262.71,14814694.71,4907462.35,2629443.94,1945319.15,7255917.37,11750059.47,5410554.30,1205285.10,66927960.05
Chicago (Cook),Cook County,24639,SRTA,2012,4,1268483.80,864119.32,3625959.17,1226212.91,653470.17,483280.72,1730253.62,1717074.12,1210205.92,262361.75,13041421.50
Chicago (Dupage),DuPage County,47,ST,2012,4,,,,,,,,31081.08,6894.85,181.52,29956.23
Chicago (Dupage),DuPage County,47,MT,2012,4,,,,,,,,6397.41,1436.81,36.28,6278.61
Chicago (Dupage),DuPage County,47,HMR,2012,4,,,,,,,,7769.98,1723.29,45.31,5739.38
Chicago (Dupage),DuPage County,47,CST,2012,4,,,,,,,,1554.00,344.79,9.06,1497.78
Chicago (Dupage),DuPage County,47,RTA,2012,4,,,,,,,,4798.08,1077.62,27.23,4706.98
Chicago (Cook),Cook County,22874,ST,2013,1,18687188.75,16190682.22,65554966.69,18185115.81,11240196.41,8326117.92,33938676.25,29041337.13,21347783.90,4914478.65,227426543.73
Chicago (Cook),Cook County,22874,MT,2013,1,4461088.88,9193096.11,13316966.99,3650883.82,2260155.20,1672001.11,7130943.09,10988518.25,4730103.39,1094209.95,58497966.79
Chicago (Cook),Cook County,22874,HMR,2013,1,4666106.05,4047201.12,16374243.57,4545434.76,2808667.37,2077249.04,4071214.87,7211729.78,4746252.42,1140681.20,51688780.18
Chicago (Cook),Cook County,22874,CHMR,2013,1,2804990.65,2447127.04,9997106.84,2751273.70,1736294.57,1265030.75,2496874.71,4400649.87,2935106.59,728283.27,31562737.99
Chicago (Cook),Cook County,22874,MPEA,2013,1,23862.00,567064.62,7624224.04,71076.00,,,6599.00,171677.84,342706.56,13713.00,8820923.06
Chicago (Cook),Cook County,22874,RTA,2013,1,4636114.76,10680102.88,13355057.16,3653464.37,2261983.75,1670244.51,7131793.05,11906852.92,4815860.82,1121825.39,61233299.61
Chicago (Cook),Cook County,22874,SRTA,2013,1,934356.83,809526.96,3277730.28,909250.00,562006.62,416304.90,1696844.66,1452041.52,1067368.55,245723.04,11371153.36
Chicago (Dupage),DuPage County,37,ST,2013,1,,,,,,,,6657.28,7513.97,,20133.18
Chicago (Dupage),DuPage County,37,MT,2013,1,,,,,,,,1512.59,1553.30,,4292.49
Chicago (Dupage),DuPage County,37,HMR,2013,1,,,,,,,,1664.14,1878.30,,3657.29
Chicago (Dupage),DuPage County,37,CST,2013,1,,,,,,,,332.85,375.70,,1006.67
Chicago (Dupage),DuPage County,37,RTA,2013,1,,,,,,,,1134.50,1164.98,,3219.50
Chicago (Cook),Cook County,22202,ST,2013,2,20180193.56,17728824.34,81467544.95,22432509.09,11351706.78,12551290.15,37916507.32,33376255.66,25061180.59,6155654.27,268221666.71
Chicago (Cook),Cook County,22202,MT,2013,2,4687437.77,9470814.02,16518139.75,4496214.22,2280109.75,2520443.28,7940516.68,10557105.07,5486354.84,1347202.74,65304338.12
Chicago (Cook),Cook County,22202,HMR,2013,2,5045018.16,4431478.76,20354283.25,5605811.67,2835363.32,3133020.80,4331832.97,8314317.52,5586199.76,1312745.09,60950071.30
Chicago (Cook),Cook County,22202,CHMR,2013,2,3031047.60,2631623.81,12335524.39,3371932.05,1714379.53,1865649.08,2642691.36,5033358.05,3392168.18,843215.01,36861589.06
Chicago (Cook),Cook County,22202,MPEA,2013,2,26897.04,536121.06,9645869.49,80020.55,,,11166.00,207900.80,469314.71,22160.00,10999449.65
Chicago (Cook),Cook County,22202,RTA,2013,2,4849988.80,10954870.58,16563253.20,4496422.47,2273611.47,2488724.24,7922214.23,11526690.47,5574596.12,1376117.75,68026489.33
Chicago (Cook),Cook County,22202,SRTA,2013,2,1009006.38,886432.58,4073354.19,1121626.48,567582.55,627562.89,1895655.89,1668799.56,1253042.44,307781.62,13410844.58
Chicago (Dupage),DuPage County,37,ST,2013,2,,,,,,,,7611.67,6389.63,,22481.60
Chicago (Dupage),DuPage County,37,MT,2013,2,,,,,,,,1655.95,1329.54,,4746.46
Chicago (Dupage),DuPage County,37,HMR,2013,2,,,,,,,,1902.68,1597.09,,3027.63
Chicago (Dupage),DuPage County,37,CST,2013,2,,,,,,,,380.58,319.50,,1124.10
Chicago (Dupage),DuPage County,37,RTA,2013,2,,,,,,,,1241.97,996.84,,3559.67
