,17096
01/01/2010,3
01/01/2011,1
01/02/2002,56
01/02/2003,41
01/02/2004,42
01/02/2007,35
01/02/2008,19
01/02/2009,1
01/02/2012,1
01/02/2013,24
01/02/2014,23
01/02/2015,13
01/03/2002,43
01/03/2003,59
01/03/2005,34
01/03/2006,27
01/03/2007,42
01/03/2008,32
01/03/2011,9
01/03/2012,14
01/03/2013,19
01/03/2014,27
01/04/2002,43
01/04/2005,44
01/04/2006,36
01/04/2007,32
01/04/2008,26
01/04/2010,30
01/04/2011,23
01/04/2012,20
01/04/2013,23
01/04/2015,3
01/05/2001,1
01/05/2004,59
01/05/2005,32
01/05/2006,44
01/05/2007,41
01/05/2008,1
01/05/2009,38
01/05/2010,26
01/05/2011,28
01/05/2012,23
01/05/2015,27
01/06/2003,32
01/06/2004,48
01/06/2005,64
01/06/2006,34
01/06/2009,26
01/06/2010,25
01/06/2011,22
01/06/2012,18
01/06/2014,24
01/06/2015,20
01/07/2002,40
01/07/2003,35
01/07/2004,44
01/07/2005,48
01/07/2008,47
01/07/2009,33
01/07/2010,33
01/07/2011,20
01/07/2012,1
01/07/2013,34
01/07/2014,19
01/07/2015,20
01/08/2001,1
01/08/2002,45
01/08/2003,46
01/08/2004,58
01/08/2007,47
01/08/2008,37
01/08/2009,38
01/08/2010,15
01/08/2011,2
01/08/2013,31
01/08/2014,36
01/08/2015,26
01/09/2002,32
01/09/2003,48
01/09/2004,54
01/09/2006,43
01/09/2007,38
01/09/2008,47
01/09/2009,37
01/09/2010,1
01/09/2011,1
01/09/2012,32
01/09/2013,30
01/09/2014,39
01/09/2015,19
01/10/2001,2
01/10/2002,39
01/10/2003,36
01/10/2005,44
01/10/2006,37
01/10/2007,37
01/10/2008,43
01/10/2010,1
01/10/2011,28
01/10/2012,21
01/10/2013,46
01/10/2014,22
01/10/2015,1
01/11/2002,43
01/11/2005,43
01/11/2006,47
01/11/2007,52
01/11/2008,46
01/11/2010,36
01/11/2011,25
01/11/2012,23
01/11/2013,18
01/12/2004,32
01/12/2005,44
01/12/2006,30
01/12/2007,42
01/12/2009,37
01/12/2010,23
01/12/2011,22
01/12/2012,29
01/12/2015,27
01/13/2003,37
01/13/2004,24
01/13/2005,45
01/13/2006,38
01/13/2009,28
01/13/2010,28
01/13/2011,19
01/13/2012,29
01/13/2014,26
01/13/2015,26
01/14/2002,33
01/14/2003,40
01/14/2004,53
01/14/2005,33
01/14/2008,35
01/14/2009,31
01/14/2010,32
01/14/2011,21
01/14/2012,1
01/14/2013,24
01/14/2014,29
01/14/2015,27
01/15/2002,43
01/15/2003,45
01/15/2004,49
01/15/2008,44
01/15/2009,35
01/15/2010,25
01/15/2012,1
01/15/2013,24
01/15/2014,34
01/15/2015,22
01/16/2002,36
01/16/2003,36
01/16/2004,48
01/16/2007,52
01/16/2008,55
01/16/2009,28
01/16/2010,1
01/16/2012,2
01/16/2013,24
01/16/2014,31
01/16/2015,28
01/17/2001,1
01/17/2002,43
01/17/2003,43
01/17/2006,39
01/17/2007,41
01/17/2008,38
01/17/2012,25
01/17/2013,29
01/17/2014,36
01/17/2015,1
01/18/2002,44
01/18/2005,50
01/18/2006,27
01/18/2007,39
01/18/2008,41
01/18/2010,1
01/18/2011,38
01/18/2012,26
01/18/2013,21
01/18/2014,2
01/19/2005,48
01/19/2006,32
01/19/2007,37
01/19/2010,36
01/19/2011,25
01/19/2012,20
01/19/2015,3
01/20/2004,46
01/20/2005,40
01/20/2006,39
01/20/2009,27
01/20/2010,36
01/20/2011,41
01/20/2012,22
01/20/2014,2
01/20/2015,27
01/21/2003,39
01/21/2004,45
01/21/2005,34
01/21/2009,25
01/21/2010,25
01/21/2011,30
01/21/2014,22
01/21/2015,22
01/22/2002,43
01/22/2003,42
01/22/2004,43
01/22/2007,36
01/22/2008,38
01/22/2009,27
01/22/2010,32
01/22/2013,27
01/22/2014,25
01/22/2015,19
01/23/2002,37
01/23/2003,43
01/23/2004,34
01/23/2006,60
01/23/2007,36
01/23/2008,38
01/23/2009,23
01/23/2011,1
01/23/2012,24
01/23/2013,28
01/23/2014,30
01/23/2015,32
01/24/2002,43
01/24/2003,33
01/24/2005,52
01/24/2006,31
01/24/2007,32
01/24/2008,43
01/24/2011,20
01/24/2012,39
01/24/2013,32
01/24/2014,30
01/24/2015,1
01/25/2002,56
01/25/2005,43
01/25/2006,36
01/25/2007,34
01/25/2008,33
01/25/2009,1
01/25/2010,28
01/25/2011,27
01/25/2012,15
01/25/2013,26
01/26/2001,1
01/26/2004,39
01/26/2005,42
01/26/2006,28
01/26/2007,45
01/26/2009,24
01/26/2010,20
01/26/2011,29
01/26/2012,18
01/26/2015,19
01/27/2003,34
01/27/2004,40
01/27/2005,58
01/27/2006,35
01/27/2009,32
01/27/2010,24
01/27/2011,14
01/27/2012,32
01/27/2014,17
01/27/2015,18
01/28/2002,50
01/28/2003,41
01/28/2004,34
01/28/2005,41
01/28/2008,35
01/28/2009,24
01/28/2010,30
01/28/2011,19
01/28/2013,21
01/28/2014,27
01/28/2015,26
01/29/2001,1
01/29/2002,39
01/29/2003,47
01/29/2004,40
01/29/2007,48
01/29/2008,45
01/29/2009,20
01/29/2010,38
01/29/2012,1
01/29/2013,28
01/29/2014,26
01/29/2015,29
01/30/2002,31
01/30/2003,26
01/30/2004,40
01/30/2006,35
01/30/2007,32
01/30/2008,30
01/30/2009,22
01/30/2010,1
01/30/2011,1
01/30/2012,35
01/30/2013,19
01/30/2014,38
01/30/2015,25
01/31/2002,36
01/31/2003,26
01/31/2005,37
01/31/2006,36
01/31/2007,44
01/31/2008,30
01/31/2009,3
01/31/2010,2
01/31/2011,34
01/31/2012,32
01/31/2013,27
01/31/2014,36
01/31/2015,2
02/01/2002,38
02/01/2005,35
02/01/2006,34
02/01/2007,26
02/01/2008,24
02/01/2010,26
02/01/2011,19
02/01/2012,40
02/01/2013,30
02/01/2014,3
02/02/2004,63
02/02/2005,41
02/02/2006,34
02/02/2007,25
02/02/2009,28
02/02/2010,13
02/02/2012,21
02/02/2014,1
02/02/2015,13
02/03/2003,19
02/03/2004,40
02/03/2005,46
02/03/2006,40
02/03/2009,28
02/03/2010,28
02/03/2011,9
02/03/2012,20
02/03/2014,26
02/03/2015,10
02/04/2002,45
02/04/2003,52
02/04/2004,41
02/04/2005,46
02/04/2008,30
02/04/2009,23
02/04/2010,32
02/04/2011,17
02/04/2013,22
02/04/2014,40
02/04/2015,21
02/05/2002,42
02/05/2003,24
02/05/2004,47
02/05/2007,29
02/05/2008,38
02/05/2009,20
02/05/2010,25
02/05/2013,24
02/05/2014,27
02/05/2015,17
02/06/2001,1
02/06/2002,52
02/06/2003,45
02/06/2004,31
02/06/2006,39
02/06/2007,31
02/06/2008,43
02/06/2009,36
02/06/2012,26
02/06/2013,26
02/06/2014,20
02/06/2015,21
02/07/2002,36
02/07/2003,50
02/07/2005,61
02/07/2006,35
02/07/2007,26
02/07/2008,33
02/07/2011,24
02/07/2012,24
02/07/2013,26
02/07/2014,22
02/08/2002,57
02/08/2005,56
02/08/2006,50
02/08/2007,40
02/08/2008,46
02/08/2009,2
02/08/2010,22
02/08/2011,13
02/08/2012,22
02/08/2013,21
02/08/2014,1
02/08/2015,2
02/09/2004,33
02/09/2005,50
02/09/2006,28
02/09/2007,36
02/09/2009,27
02/09/2010,31
02/09/2011,29
02/09/2012,22
02/09/2015,16
02/10/2003,41
02/10/2004,50
02/10/2005,45
02/10/2006,72
02/10/2009,26
02/10/2010,41
02/10/2011,16
02/10/2012,29
02/10/2014,40
02/10/2015,31
02/11/2002,46
02/11/2003,40
02/11/2004,45
02/11/2008,41
02/11/2009,29
02/11/2010,46
02/11/2011,2
02/11/2012,2
02/11/2013,17
02/11/2014,46
02/11/2015,27
02/12/2007,1
02/12/2008,3
02/12/2009,1
02/12/2010,12
02/12/2014,3
02/13/2001,1
02/13/2002,54
02/13/2003,57
02/13/2004,47
02/13/2007,41
02/13/2008,41
02/13/2009,39
02/13/2010,1
02/13/2012,6
02/13/2013,30
02/13/2014,43
02/14/2002,38
02/14/2003,50
02/14/2005,60
02/14/2006,52
02/14/2007,30
02/14/2008,42
02/14/2009,2
02/14/2011,21
02/14/2012,25
02/14/2013,24
02/14/2014,35
02/15/2002,46
02/15/2005,48
02/15/2006,56
02/15/2007,34
02/15/2008,32
02/15/2009,1
02/15/2010,5
02/15/2011,25
02/15/2012,29
02/15/2013,29
02/16/2005,48
02/16/2006,34
02/16/2007,54
02/16/2010,45
02/16/2011,25
02/16/2012,16
02/17/2004,48
02/17/2005,47
02/17/2006,51
02/17/2009,58
02/17/2010,21
02/17/2011,30
02/17/2012,46
02/17/2014,5
02/18/2003,44
02/18/2004,37
02/18/2005,43
02/18/2008,2
02/18/2009,34
02/18/2010,40
02/18/2011,29
02/18/2014,37
02/19/2002,41
02/19/2003,44
02/19/2004,50
02/19/2008,54
02/19/2009,31
02/19/2010,30
02/19/2011,1
02/19/2013,30
02/19/2014,22
02/20/2002,51
02/20/2003,24
02/20/2004,38
02/20/2007,34
02/20/2008,40
02/20/2009,25
02/20/2011,1
02/20/2013,38
02/20/2014,27
02/21/2002,53
02/21/2003,38
02/21/2006,59
02/21/2007,53
02/21/2008,68
02/21/2011,2
02/21/2012,30
02/21/2013,28
02/21/2014,27
02/22/2002,38
02/22/2005,33
02/22/2006,49
02/22/2007,32
02/22/2008,40
02/22/2010,29
02/22/2011,15
02/22/2012,54
02/22/2013,30
02/23/2001,1
02/23/2004,48
02/23/2005,29
02/23/2006,36
02/23/2007,50
02/23/2008,2
02/23/2009,30
02/23/2010,28
02/23/2011,25
02/23/2012,25
02/23/2014,1
02/24/2003,44
02/24/2004,52
02/24/2005,45
02/24/2006,60
02/24/2008,1
02/24/2009,33
02/24/2010,37
02/24/2011,25
02/24/2012,25
02/24/2014,31
02/25/2002,36
02/25/2003,34
02/25/2004,40
02/25/2005,42
02/25/2008,48
02/25/2009,31
02/25/2010,26
02/25/2011,5
02/25/2012,33
02/25/2013,27
02/25/2014,35
02/26/2002,42
02/26/2003,37
02/26/2004,44
02/26/2007,21
02/26/2008,37
02/26/2009,35
02/26/2010,39
02/26/2013,32
02/26/2014,48
02/27/2001,2
02/27/2002,41
02/27/2003,38
02/27/2004,40
02/27/2006,44
02/27/2007,17
02/27/2008,33
02/27/2009,37
02/27/2012,19
02/27/2013,22
02/27/2014,32
02/28/2002,48
02/28/2003,44
02/28/2005,64
02/28/2006,37
02/28/2007,43
02/28/2008,45
02/28/2011,22
02/28/2012,17
02/28/2013,24
02/28/2014,38
02/29/2008,38
02/29/2012,33
03/01/2002,44
03/01/2005,42
03/01/2006,44
03/01/2007,44
03/01/2010,4
03/01/2011,28
03/01/2012,19
03/01/2013,37
03/01/2014,1
03/02/2004,55
03/02/2005,42
03/02/2006,31
03/02/2007,35
03/02/2009,3
03/02/2010,34
03/02/2011,19
03/02/2012,22
03/02/2014,2
03/03/2004,49
03/03/2005,45
03/03/2006,42
03/03/2008,1
03/03/2009,42
03/03/2010,49
03/03/2011,14
03/03/2014,1
03/04/2003,50
03/04/2004,41
03/04/2005,43
03/04/2008,48
03/04/2009,34
03/04/2010,34
03/04/2011,25
03/04/2014,39
03/05/2002,46
03/05/2003,23
03/05/2004,32
03/05/2008,47
03/05/2009,34
03/05/2010,35
03/05/2011,1
03/05/2012,5
03/05/2013,33
03/05/2014,29
03/06/2002,41
03/06/2003,39
03/06/2007,59
03/06/2008,39
03/06/2009,35
03/06/2012,21
03/06/2013,30
03/06/2014,31
03/07/2002,61
03/07/2003,34
03/07/2006,47
03/07/2007,30
03/07/2008,51
03/07/2009,2
03/07/2010,1
03/07/2011,2
03/07/2012,25
03/07/2013,38
03/07/2014,33
03/08/2002,44
03/08/2004,34
03/08/2005,55
03/08/2006,62
03/08/2007,34
03/08/2009,1
03/08/2010,25
03/08/2011,23
03/08/2012,28
03/08/2013,43
03/08/2014,1
03/09/2004,38
03/09/2005,61
03/09/2006,36
03/09/2007,36
03/09/2009,27
03/09/2010,17
03/09/2011,28
03/09/2012,33
03/09/2013,1
03/09/2014,1
03/10/2003,37
03/10/2004,29
03/10/2005,34
03/10/2006,53
03/10/2008,45
03/10/2009,39
03/10/2010,39
03/10/2011,20
03/10/2014,36
03/11/2002,58
03/11/2003,44
03/11/2004,39
03/11/2005,53
03/11/2008,45
03/11/2009,50
03/11/2010,19
03/11/2011,21
03/11/2013,30
03/11/2014,64
03/12/2002,80
03/12/2003,55
03/12/2004,38
03/12/2007,28
03/12/2008,42
03/12/2009,28
03/12/2010,16
03/12/2012,14
03/12/2013,36
03/12/2014,38
03/13/2002,64
03/13/2003,55
03/13/2006,30
03/13/2007,31
03/13/2008,47
03/13/2009,27
03/13/2010,1
03/13/2012,27
03/13/2013,29
03/13/2014,27
03/14/2002,65
03/14/2003,35
03/14/2005,40
03/14/2006,46
03/14/2007,29
03/14/2008,42
03/14/2011,18
03/14/2012,18
03/14/2013,24
03/14/2014,41
03/15/2002,61
03/15/2004,34
03/15/2005,40
03/15/2006,32
03/15/2007,36
03/15/2010,37
03/15/2011,15
03/15/2012,32
03/15/2013,27
03/16/2004,36
03/16/2005,42
03/16/2006,43
03/16/2007,28
03/16/2009,28
03/16/2010,40
03/16/2011,31
03/16/2012,27
03/16/2014,1
03/17/2003,30
03/17/2004,41
03/17/2005,49
03/17/2006,47
03/17/2008,42
03/17/2009,23
03/17/2010,35
03/17/2011,20
03/17/2012,1
03/17/2014,29
03/18/2002,50
03/18/2003,36
03/18/2004,40
03/18/2005,33
03/18/2008,46
03/18/2009,27
03/18/2010,19
03/18/2011,25
03/18/2013,21
03/18/2014,32
03/19/2002,19
03/19/2003,32
03/19/2004,40
03/19/2007,29
03/19/2008,48
03/19/2009,25
03/19/2010,28
03/19/2012,20
03/19/2013,25
03/19/2014,28
03/20/2002,26
03/20/2003,42
03/20/2006,43
03/20/2007,32
03/20/2008,41
03/20/2009,31
03/20/2012,19
03/20/2013,28
03/20/2014,49
03/21/2002,48
03/21/2003,34
03/21/2005,34
03/21/2006,37
03/21/2007,32
03/21/2008,31
03/21/2010,1
03/21/2011,17
03/21/2012,26
03/21/2013,32
03/21/2014,26
03/22/2001,2
03/22/2002,49
03/22/2004,34
03/22/2005,33
03/22/2006,42
03/22/2007,36
03/22/2010,25
03/22/2011,22
03/22/2012,21
03/22/2013,29
03/22/2014,1
03/23/2001,1
03/23/2004,33
03/23/2005,26
03/23/2006,30
03/23/2007,42
03/23/2009,32
03/23/2010,28
03/23/2011,18
03/23/2012,17
03/23/2014,3
03/24/2003,32
03/24/2004,29
03/24/2005,40
03/24/2006,26
03/24/2008,42
03/24/2009,38
03/24/2010,34
03/24/2011,22
03/24/2013,1
03/24/2014,27
03/25/2002,38
03/25/2003,49
03/25/2004,39
03/25/2005,30
03/25/2008,41
03/25/2009,27
03/25/2010,31
03/25/2011,12
03/25/2012,1
03/25/2013,44
03/25/2014,31
03/26/2001,1
03/26/2002,46
03/26/2003,35
03/26/2004,39
03/26/2007,33
03/26/2008,46
03/26/2009,32
03/26/2010,26
03/26/2011,11
03/26/2012,33
03/26/2013,29
03/26/2014,30
03/27/2001,2
03/27/2002,30
03/27/2003,35
03/27/2004,1
03/27/2006,34
03/27/2007,36
03/27/2008,62
03/27/2009,31
03/27/2010,1
03/27/2012,32
03/27/2013,33
03/27/2014,37
03/28/2001,1
03/28/2002,46
03/28/2003,34
03/28/2005,42
03/28/2006,37
03/28/2007,31
03/28/2008,38
03/28/2011,28
03/28/2012,29
03/28/2013,23
03/28/2014,30
03/29/2001,1
03/29/2002,42
03/29/2004,42
03/29/2005,21
03/29/2006,33
03/29/2007,51
03/29/2010,30
03/29/2011,33
03/29/2012,28
03/29/2013,29
03/29/2014,1
03/30/2001,1
03/30/2004,26
03/30/2005,49
03/30/2006,42
03/30/2007,45
03/30/2009,17
03/30/2010,40
03/30/2011,25
03/30/2012,23
03/30/2014,1
03/31/2003,38
03/31/2004,38
03/31/2005,35
03/31/2006,27
03/31/2008,41
03/31/2009,23
03/31/2010,32
03/31/2011,27
03/31/2012,2
03/31/2013,2
03/31/2014,36
04/01/2002,27
04/01/2003,35
04/01/2004,32
04/01/2005,49
04/01/2008,45
04/01/2009,18
04/01/2010,31
04/01/2011,17
04/01/2013,33
04/01/2014,31
04/02/2001,1
04/02/2002,33
04/02/2003,36
04/02/2004,33
04/02/2007,31
04/02/2008,45
04/02/2009,33
04/02/2010,39
04/02/2012,21
04/02/2013,36
04/02/2014,37
04/03/2001,1
04/03/2002,29
04/03/2003,38
04/03/2006,38
04/03/2007,31
04/03/2008,38
04/03/2009,28
04/03/2010,2
04/03/2012,21
04/03/2013,25
04/03/2014,39
04/04/2001,1
04/04/2002,36
04/04/2003,14
04/04/2005,37
04/04/2006,26
04/04/2007,37
04/04/2008,27
04/04/2009,1
04/04/2010,1
04/04/2011,23
04/04/2012,26
04/04/2013,40
04/04/2014,22
04/05/2002,31
04/05/2004,44
04/05/2005,43
04/05/2006,36
04/05/2007,36
04/05/2010,26
04/05/2011,20
04/05/2012,18
04/05/2013,42
04/05/2014,1
04/06/2001,1
04/06/2004,33
04/06/2005,38
04/06/2006,31
04/06/2007,44
04/06/2009,30
04/06/2010,46
04/06/2011,15
04/06/2012,21
04/06/2013,2
04/06/2014,1
04/07/2003,22
04/07/2004,40
04/07/2005,33
04/07/2006,53
04/07/2008,33
04/07/2009,18
04/07/2010,34
04/07/2011,26
04/07/2014,29
04/08/2002,33
04/08/2003,40
04/08/2004,66
04/08/2005,56
04/08/2008,43
04/08/2009,34
04/08/2010,28
04/08/2011,25
04/08/2012,1
04/08/2013,31
04/08/2014,28
04/09/2002,34
04/09/2003,33
04/09/2004,46
04/09/2007,36
04/09/2008,32
04/09/2009,26
04/09/2010,27
04/09/2012,17
04/09/2013,40
04/09/2014,32
04/10/2002,32
04/10/2003,25
04/10/2004,2
04/10/2006,39
04/10/2007,28
04/10/2008,37
04/10/2009,24
04/10/2012,47
04/10/2013,23
04/10/2014,15
04/11/2002,25
04/11/2003,38
04/11/2005,53
04/11/2006,37
04/11/2007,33
04/11/2008,37
04/11/2011,18
04/11/2012,27
04/11/2013,39
04/11/2014,31
04/12/2001,2
04/12/2002,31
04/12/2004,34
04/12/2005,29
04/12/2006,57
04/12/2007,28
04/12/2008,1
04/12/2010,48
04/12/2011,17
04/12/2012,25
04/12/2013,30
04/12/2014,2
04/13/2004,36
04/13/2005,38
04/13/2006,30
04/13/2007,38
04/13/2009,30
04/13/2010,26
04/13/2011,18
04/13/2012,21
04/13/2013,2
04/14/2003,39
04/14/2004,51
04/14/2005,41
04/14/2006,19
04/14/2008,28
04/14/2009,16
04/14/2010,23
04/14/2011,17
04/14/2012,2
04/14/2014,26
04/15/2002,27
04/15/2003,24
04/15/2004,32
04/15/2005,37
04/15/2008,35
04/15/2009,31
04/15/2010,35
04/15/2011,12
04/15/2013,19
04/15/2014,32
04/16/2002,50
04/16/2003,37
04/16/2004,39
04/16/2007,40
04/16/2008,35
04/16/2009,39
04/16/2010,26
04/16/2011,2
04/16/2012,28
04/16/2013,38
04/16/2014,21
04/17/2001,1
04/17/2002,40
04/17/2003,16
04/17/2006,38
04/17/2007,29
04/17/2008,34
04/17/2009,34
04/17/2010,2
04/17/2011,1
04/17/2012,36
04/17/2013,23
04/17/2014,34
04/18/2002,26
04/18/2003,34
04/18/2005,46
04/18/2006,31
04/18/2007,40
04/18/2008,24
04/18/2010,1
04/18/2011,22
04/18/2012,19
04/18/2013,31
04/18/2014,31
04/19/2001,1
04/19/2002,37
04/19/2004,36
04/19/2005,26
04/19/2006,30
04/19/2007,36
04/19/2010,34
04/19/2011,21
04/19/2012,24
04/19/2013,29
04/20/2004,38
04/20/2005,32
04/20/2006,39
04/20/2007,26
04/20/2009,33
04/20/2010,20
04/20/2011,24
04/20/2012,25
04/20/2014,1
04/21/2003,12
04/21/2004,27
04/21/2005,42
04/21/2006,26
04/21/2008,41
04/21/2009,26
04/21/2010,36
04/21/2011,21
04/21/2014,42
04/22/2002,32
04/22/2003,27
04/22/2004,37
04/22/2005,26
04/22/2008,33
04/22/2009,29
04/22/2010,34
04/22/2011,19
04/22/2013,35
04/22/2014,43
04/23/2002,31
04/23/2003,30
04/23/2004,34
04/23/2007,37
04/23/2008,31
04/23/2009,20
04/23/2010,26
04/23/2011,1
04/23/2012,21
04/23/2013,42
04/23/2014,23
04/24/2002,29
04/24/2003,38
04/24/2006,44
04/24/2007,31
04/24/2008,23
04/24/2009,38
04/24/2010,2
04/24/2012,26
04/24/2013,40
04/24/2014,27
04/25/2002,41
04/25/2003,29
04/25/2005,30
04/25/2006,41
04/25/2007,34
04/25/2008,41
04/25/2011,12
04/25/2012,20
04/25/2013,41
04/25/2014,39
04/26/2002,36
04/26/2004,26
04/26/2005,50
04/26/2006,30
04/26/2007,38
04/26/2008,1
04/26/2010,37
04/26/2011,15
04/26/2012,18
04/26/2013,32
04/27/2004,46
04/27/2005,46
04/27/2006,19
04/27/2007,42
04/27/2009,20
04/27/2010,30
04/27/2011,33
04/27/2012,24
04/28/2003,19
04/28/2004,39
04/28/2005,39
04/28/2006,37
04/28/2008,24
04/28/2009,46
04/28/2010,35
04/28/2011,33
04/28/2012,1
04/28/2014,46
04/29/2002,41
04/29/2003,34
04/29/2004,31
04/29/2005,31
04/29/2008,33
04/29/2009,29
04/29/2010,27
04/29/2011,32
04/29/2013,42
04/29/2014,46
04/30/2002,34
04/30/2003,25
04/30/2004,49
04/30/2007,37
04/30/2008,44
04/30/2009,27
04/30/2010,36
04/30/2012,30
04/30/2013,30
04/30/2014,25
05/01/2001,1
05/01/2002,43
05/01/2003,51
05/01/2006,24
05/01/2007,19
05/01/2008,34
05/01/2009,50
05/01/2012,17
05/01/2013,25
05/01/2014,55
05/02/2002,45
05/02/2003,36
05/02/2005,32
05/02/2006,25
05/02/2007,36
05/02/2008,52
05/02/2009,1
05/02/2010,1
05/02/2011,14
05/02/2012,19
05/02/2013,59
05/02/2014,35
05/03/2002,33
05/03/2004,28
05/03/2005,24
05/03/2006,28
05/03/2007,32
05/03/2009,1
05/03/2010,27
05/03/2011,25
05/03/2012,32
05/03/2013,47
05/04/2004,26
05/04/2005,30
05/04/2006,38
05/04/2007,39
05/04/2009,33
05/04/2010,28
05/04/2011,35
05/04/2012,45
05/04/2014,3
05/05/2003,36
05/05/2004,27
05/05/2005,40
05/05/2006,31
05/05/2008,33
05/05/2009,29
05/05/2010,33
05/05/2011,33
05/05/2013,1
05/05/2014,30
05/06/2002,37
05/06/2003,37
05/06/2004,38
05/06/2005,41
05/06/2006,2
05/06/2008,35
05/06/2009,48
05/06/2010,29
05/06/2011,10
05/06/2013,34
05/06/2014,34
05/07/2001,1
05/07/2002,32
05/07/2003,37
05/07/2004,25
05/07/2007,32
05/07/2008,39
05/07/2009,33
05/07/2010,42
05/07/2012,15
05/07/2013,34
05/07/2014,48
05/08/2002,37
05/08/2003,27
05/08/2006,29
05/08/2007,31
05/08/2008,32
05/08/2009,31
05/08/2010,1
05/08/2012,23
05/08/2013,31
05/08/2014,50
05/09/2001,5
05/09/2002,45
05/09/2003,35
05/09/2005,34
05/09/2006,29
05/09/2007,31
05/09/2008,58
05/09/2011,8
05/09/2012,22
05/09/2013,26
05/09/2014,44
05/10/2002,31
05/10/2004,40
05/10/2005,46
05/10/2006,38
05/10/2007,32
05/10/2010,27
05/10/2011,26
05/10/2012,22
05/10/2013,67
05/10/2014,1
05/11/2004,44
05/11/2005,44
05/11/2006,28
05/11/2007,42
05/11/2009,40
05/11/2010,26
05/11/2011,28
05/11/2012,14
05/11/2014,1
05/12/2003,27
05/12/2004,37
05/12/2005,30
05/12/2006,32
05/12/2008,45
05/12/2009,38
05/12/2010,29
05/12/2011,15
05/12/2013,1
05/12/2014,40
05/13/2002,40
05/13/2003,41
05/13/2004,38
05/13/2005,26
05/13/2008,27
05/13/2009,35
05/13/2010,26
05/13/2011,25
05/13/2013,63
05/13/2014,40
05/14/2002,38
05/14/2003,24
05/14/2004,30
05/14/2007,24
05/14/2008,31
05/14/2009,23
05/14/2010,33
05/14/2012,18
05/14/2013,52
05/14/2014,31
05/15/2001,2
05/15/2002,25
05/15/2003,32
05/15/2006,26
05/15/2007,45
05/15/2008,42
05/15/2009,45
05/15/2012,31
05/15/2013,38
05/15/2014,43
05/16/2001,1
05/16/2002,33
05/16/2003,31
05/16/2005,30
05/16/2006,37
05/16/2007,25
05/16/2008,41
05/16/2009,1
05/16/2010,1
05/16/2011,33
05/16/2012,19
05/16/2013,39
05/16/2014,41
05/17/2001,1
05/17/2002,47
05/17/2004,41
05/17/2005,30
05/17/2006,22
05/17/2007,49
05/17/2010,32
05/17/2011,37
05/17/2012,33
05/17/2013,41
05/17/2014,2
05/18/2000,1
05/18/2001,1
05/18/2004,31
05/18/2005,26
05/18/2006,40
05/18/2007,38
05/18/2009,31
05/18/2010,27
05/18/2011,20
05/18/2012,18
05/18/2013,3
05/18/2014,1
05/19/2003,30
05/19/2004,49
05/19/2005,28
05/19/2006,43
05/19/2008,40
05/19/2009,30
05/19/2010,22
05/19/2011,41
05/19/2012,1
05/19/2013,4
05/19/2014,27
05/20/2002,35
05/20/2003,48
05/20/2004,47
05/20/2005,26
05/20/2008,19
05/20/2009,26
05/20/2010,34
05/20/2011,31
05/20/2013,49
05/20/2014,31
05/21/2002,38
05/21/2003,31
05/21/2004,33
05/21/2007,34
05/21/2008,38
05/21/2009,36
05/21/2010,32
05/21/2011,1
05/21/2012,14
05/21/2013,34
05/21/2014,41
05/22/2002,42
05/22/2003,41
05/22/2006,25
05/22/2007,35
05/22/2008,32
05/22/2009,52
05/22/2010,2
05/22/2012,12
05/22/2013,35
05/22/2014,34
05/23/2002,32
05/23/2003,28
05/23/2005,23
05/23/2006,37
05/23/2007,39
05/23/2008,47
05/23/2011,27
05/23/2012,18
05/23/2013,77
05/23/2014,50
05/24/2002,29
05/24/2004,34
05/24/2005,25
05/24/2006,34
05/24/2007,50
05/24/2010,18
05/24/2011,25
05/24/2012,21
05/24/2013,61
05/25/2004,23
05/25/2005,27
05/25/2006,31
05/25/2007,48
05/25/2010,31
05/25/2011,14
05/25/2012,65
05/25/2014,1
05/26/2004,50
05/26/2005,33
05/26/2006,37
05/26/2009,27
05/26/2010,31
05/26/2011,21
05/27/2003,26
05/27/2004,35
05/27/2005,40
05/27/2008,21
05/27/2009,41
05/27/2010,24
05/27/2011,49
05/27/2014,37
05/28/2002,26
05/28/2003,26
05/28/2004,44
05/28/2008,34
05/28/2009,27
05/28/2010,58
05/28/2012,1
05/28/2013,48
05/28/2014,28
05/29/2002,34
05/29/2003,28
05/29/2007,33
05/29/2008,40
05/29/2009,87
05/29/2012,13
05/29/2013,23
05/29/2014,62
05/30/2002,35
05/30/2003,28
05/30/2006,32
05/30/2007,31
05/30/2008,55
05/30/2012,21
05/30/2013,70
05/30/2014,47
05/31/2002,47
05/31/2005,36
05/31/2006,32
05/31/2007,46
05/31/2011,10
05/31/2012,33
05/31/2013,67
05/31/2014,1
06/01/2004,35
06/01/2005,31
06/01/2006,40
06/01/2007,53
06/01/2009,31
06/01/2010,25
06/01/2011,21
06/01/2012,52
06/01/2013,1
06/02/2003,33
06/02/2004,26
06/02/2005,31
06/02/2006,40
06/02/2008,50
06/02/2009,33
06/02/2010,18
06/02/2011,22
06/02/2014,33
06/03/2002,23
06/03/2003,25
06/03/2004,32
06/03/2005,34
06/03/2008,39
06/03/2009,29
06/03/2010,37
06/03/2011,71
06/03/2013,57
06/03/2014,48
06/04/2002,27
06/04/2003,30
06/04/2004,36
06/04/2005,2
06/04/2007,25
06/04/2008,35
06/04/2009,46
06/04/2010,47
06/04/2011,2
06/04/2012,15
06/04/2013,60
06/04/2014,33
06/05/2002,28
06/05/2003,32
06/05/2006,32
06/05/2007,19
06/05/2008,36
06/05/2009,75
06/05/2012,23
06/05/2013,51
06/05/2014,53
06/06/2001,1
06/06/2002,32
06/06/2003,33
06/06/2005,45
06/06/2006,26
06/06/2007,31
06/06/2008,99
06/06/2011,23
06/06/2012,15
06/06/2013,80
06/06/2014,120
06/07/2002,31
06/07/2004,30
06/07/2005,36
06/07/2006,27
06/07/2007,30
06/07/2008,1
06/07/2010,25
06/07/2011,49
06/07/2012,26
06/07/2013,106
06/08/2004,30
06/08/2005,27
06/08/2006,39
06/08/2007,121
06/08/2009,39
06/08/2010,45
06/08/2011,112
06/08/2012,129
06/08/2013,2
06/09/2003,27
06/09/2004,34
06/09/2005,29
06/09/2006,44
06/09/2008,20
06/09/2009,35
06/09/2010,79
06/09/2011,20
06/09/2014,34
06/10/2002,30
06/10/2003,32
06/10/2004,21
06/10/2005,44
06/10/2008,31
06/10/2009,34
06/10/2010,86
06/10/2011,13
06/10/2013,49
06/10/2014,64
06/11/2001,1
06/11/2002,23
06/11/2003,25
06/11/2004,30
06/11/2005,3
06/11/2007,34
06/11/2008,35
06/11/2009,39
06/11/2010,23
06/11/2012,13
06/11/2013,64
06/11/2014,66
06/12/2000,1
06/12/2001,1
06/12/2002,20
06/12/2003,22
06/12/2006,24
06/12/2007,24
06/12/2008,79
06/12/2009,141
06/12/2011,2
06/12/2012,16
06/12/2013,48
06/12/2014,50
06/13/2002,22
06/13/2003,38
06/13/2005,27
06/13/2006,26
06/13/2007,45
06/13/2008,77
06/13/2009,3
06/13/2011,18
06/13/2012,9
06/13/2013,56
06/13/2014,49
06/14/2002,26
06/14/2004,29
06/14/2005,26
06/14/2006,29
06/14/2007,39
06/14/2010,24
06/14/2011,11
06/14/2012,36
06/14/2013,57
06/14/2014,1
06/15/2000,3
06/15/2004,34
06/15/2005,36
06/15/2006,27
06/15/2007,49
06/15/2009,55
06/15/2010,28
06/15/2011,20
06/15/2012,39
06/15/2013,3
06/16/2003,26
06/16/2004,34
06/16/2005,30
06/16/2006,23
06/16/2008,16
06/16/2009,61
06/16/2010,36
06/16/2011,40
06/16/2012,1
06/16/2014,37
06/17/2002,18
06/17/2003,21
06/17/2004,43
06/17/2005,57
06/17/2008,28
06/17/2009,53
06/17/2010,51
06/17/2011,43
06/17/2012,1
06/17/2013,43
06/17/2014,47
06/18/2002,24
06/18/2003,17
06/18/2004,33
06/18/2007,28
06/18/2008,28
06/18/2009,31
06/18/2010,57
06/18/2011,1
06/18/2012,27
06/18/2013,75
06/18/2014,42
06/19/2001,1
06/19/2002,26
06/19/2003,28
06/19/2006,21
06/19/2007,40
06/19/2008,42
06/19/2009,42
06/19/2012,13
06/19/2013,97
06/19/2014,26
06/20/2001,1
06/20/2002,39
06/20/2003,35
06/20/2005,23
06/20/2006,37
06/20/2007,35
06/20/2008,87
06/20/2011,14
06/20/2012,18
06/20/2013,54
06/20/2014,64
06/21/2001,1
06/21/2002,36
06/21/2004,21
06/21/2005,32
06/21/2006,37
06/21/2007,64
06/21/2010,17
06/21/2011,13
06/21/2012,86
06/21/2013,52
06/21/2014,3
06/22/2004,29
06/22/2005,41
06/22/2006,28
06/22/2007,37
06/22/2008,1
06/22/2009,27
06/22/2010,88
06/22/2011,47
06/22/2012,22
06/22/2013,5
06/23/2003,22
06/23/2004,30
06/23/2005,38
06/23/2006,22
06/23/2008,42
06/23/2009,37
06/23/2010,17
06/23/2011,113
06/23/2013,1
06/23/2014,19
06/24/2002,27
06/24/2003,17
06/24/2004,45
06/24/2005,52
06/24/2008,91
06/24/2009,83
06/24/2010,75
06/24/2011,42
06/24/2012,1
06/24/2013,52
06/24/2014,57
06/25/2002,15
06/25/2003,22
06/25/2004,28
06/25/2007,41
06/25/2008,60
06/25/2009,59
06/25/2010,47
06/25/2012,9
06/25/2013,106
06/25/2014,60
06/26/2001,1
06/26/2002,25
06/26/2003,23
06/26/2006,54
06/26/2007,55
06/26/2008,67
06/26/2009,82
06/26/2012,36
06/26/2013,158
06/26/2014,48
06/27/2002,34
06/27/2003,28
06/27/2005,36
06/27/2006,27
06/27/2007,38
06/27/2008,52
06/27/2011,33
06/27/2012,34
06/27/2013,139
06/27/2014,59
06/28/2002,35
06/28/2004,40
06/28/2005,37
06/28/2006,31
06/28/2007,67
06/28/2010,16
06/28/2011,25
06/28/2012,29
06/28/2013,136
06/29/2004,36
06/29/2005,32
06/29/2006,29
06/29/2007,50
06/29/2009,31
06/29/2010,24
06/29/2011,29
06/29/2012,40
06/29/2013,2
06/29/2014,1
06/30/2000,1
06/30/2003,27
06/30/2004,44
06/30/2005,31
06/30/2006,35
06/30/2008,31
06/30/2009,32
06/30/2010,21
06/30/2011,21
06/30/2013,6
06/30/2014,30
07/01/2002,77
07/01/2003,37
07/01/2004,39
07/01/2005,49
07/01/2008,26
07/01/2009,32
07/01/2010,18
07/01/2011,19
07/01/2013,127
07/01/2014,26
07/02/2002,56
07/02/2003,37
07/02/2004,39
07/02/2007,29
07/02/2008,39
07/02/2009,29
07/02/2010,19
07/02/2012,22
07/02/2013,124
07/02/2014,48
07/03/2002,46
07/03/2003,42
07/03/2006,44
07/03/2007,36
07/03/2008,55
07/03/2009,1
07/03/2012,17
07/03/2013,41
07/03/2014,43
07/04/2010,1
07/04/2013,1
07/04/2014,1
07/05/2002,26
07/05/2005,29
07/05/2006,16
07/05/2007,22
07/05/2010,1
07/05/2011,15
07/05/2012,31
07/05/2013,29
07/06/2004,23
07/06/2005,21
07/06/2006,28
07/06/2007,43
07/06/2009,35
07/06/2010,16
07/06/2011,8
07/06/2012,27
07/06/2013,2
07/06/2014,1
07/07/2003,34
07/07/2004,28
07/07/2005,25
07/07/2006,32
07/07/2008,22
07/07/2009,35
07/07/2010,64
07/07/2011,48
07/07/2014,112
07/08/2002,33
07/08/2003,29
07/08/2004,30
07/08/2005,38
07/08/2008,23
07/08/2009,94
07/08/2010,47
07/08/2011,67
07/08/2012,1
07/08/2013,54
07/08/2014,42
07/09/2001,1
07/09/2002,35
07/09/2003,21
07/09/2004,31
07/09/2007,26
07/09/2008,37
07/09/2009,46
07/09/2010,20
07/09/2012,70
07/09/2013,74
07/09/2014,51
07/10/2002,32
07/10/2003,28
07/10/2006,24
07/10/2007,31
07/10/2008,58
07/10/2009,26
07/10/2010,1
07/10/2012,48
07/10/2013,32
07/10/2014,65
07/11/2001,1
07/11/2002,19
07/11/2003,20
07/11/2005,37
07/11/2006,21
07/11/2007,52
07/11/2008,45
07/11/2010,1
07/11/2011,45
07/11/2012,35
07/11/2013,59
07/11/2014,88
07/12/2002,33
07/12/2004,24
07/12/2005,25
07/12/2006,22
07/12/2007,52
07/12/2010,11
07/12/2011,21
07/12/2012,29
07/12/2013,80
07/12/2014,2
07/13/2004,23
07/13/2005,25
07/13/2006,22
07/13/2007,51
07/13/2009,34
07/13/2010,34
07/13/2011,36
07/13/2012,23
07/13/2013,1
07/13/2014,3
07/14/2003,27
07/14/2004,30
07/14/2005,31
07/14/2006,22
07/14/2008,27
07/14/2009,29
07/14/2010,38
07/14/2011,17
07/14/2014,41
07/15/2002,30
07/15/2003,33
07/15/2004,24
07/15/2005,35
07/15/2008,19
07/15/2009,44
07/15/2010,33
07/15/2011,60
07/15/2013,46
07/15/2014,49
07/16/2002,31
07/16/2003,31
07/16/2004,25
07/16/2007,19
07/16/2008,54
07/16/2009,35
07/16/2010,38
07/16/2012,24
07/16/2013,59
07/16/2014,90
07/17/2002,25
07/17/2003,54
07/17/2006,43
07/17/2007,34
07/17/2008,34
07/17/2009,40
07/17/2010,1
07/17/2012,26
07/17/2013,42
07/17/2014,62
07/18/2001,1
07/18/2002,24
07/18/2003,28
07/18/2005,33
07/18/2006,18
07/18/2007,31
07/18/2008,66
07/18/2009,2
07/18/2011,50
07/18/2012,21
07/18/2013,88
07/18/2014,46
07/19/2001,1
07/19/2002,29
07/19/2004,28
07/19/2005,16
07/19/2006,21
07/19/2007,34
07/19/2010,18
07/19/2011,30
07/19/2012,79
07/19/2013,57
07/19/2014,1
07/20/2004,35
07/20/2005,25
07/20/2006,22
07/20/2007,54
07/20/2009,25
07/20/2010,14
07/20/2011,35
07/20/2012,42
07/20/2013,1
07/20/2014,1
07/21/2003,22
07/21/2004,23
07/21/2005,22
07/21/2006,17
07/21/2008,30
07/21/2009,35
07/21/2010,24
07/21/2011,27
07/21/2013,1
07/21/2014,50
07/22/2002,38
07/22/2003,35
07/22/2004,31
07/22/2005,28
07/22/2008,28
07/22/2009,34
07/22/2010,18
07/22/2011,57
07/22/2013,29
07/22/2014,26
07/23/2002,28
07/23/2003,27
07/23/2004,28
07/23/2005,2
07/23/2007,21
07/23/2008,19
07/23/2009,25
07/23/2010,107
07/23/2012,19
07/23/2013,34
07/23/2014,45
07/24/2002,33
07/24/2003,24
07/24/2006,23
07/24/2007,26
07/24/2008,19
07/24/2009,105
07/24/2011,1
07/24/2012,25
07/24/2013,59
07/24/2014,57
07/25/2001,1
07/25/2002,22
07/25/2003,21
07/25/2005,18
07/25/2006,34
07/25/2007,14
07/25/2008,107
07/25/2011,22
07/25/2012,20
07/25/2013,71
07/25/2014,52
07/26/2002,26
07/26/2004,32
07/26/2005,27
07/26/2006,17
07/26/2007,45
07/26/2010,16
07/26/2011,26
07/26/2012,50
07/26/2013,66
07/26/2014,1
07/27/2001,1
07/27/2004,24
07/27/2005,27
07/27/2006,23
07/27/2007,83
07/27/2009,17
07/27/2010,17
07/27/2011,19
07/27/2012,93
07/28/2003,21
07/28/2004,15
07/28/2005,16
07/28/2006,14
07/28/2008,22
07/28/2009,29
07/28/2010,21
07/28/2011,22
07/28/2014,40
07/29/2002,33
07/29/2003,23
07/29/2004,32
07/29/2005,30
07/29/2008,59
07/29/2009,43
07/29/2010,76
07/29/2011,123
07/29/2012,1
07/29/2013,40
07/29/2014,66
07/30/2002,31
07/30/2003,26
07/30/2004,41
07/30/2007,23
07/30/2008,36
07/30/2009,47
07/30/2010,26
07/30/2012,22
07/30/2013,33
07/30/2014,33
07/31/2002,20
07/31/2003,28
07/31/2006,25
07/31/2007,18
07/31/2008,23
07/31/2009,115
07/31/2012,54
07/31/2013,22
07/31/2014,49
08/01/2001,1
08/01/2002,27
08/01/2003,35
08/01/2004,2
08/01/2005,26
08/01/2006,21
08/01/2007,24
08/01/2008,68
08/01/2011,26
08/01/2012,21
08/01/2013,46
08/01/2014,60
08/02/2002,37
08/02/2004,36
08/02/2005,32
08/02/2006,26
08/02/2007,87
08/02/2010,16
08/02/2011,30
08/02/2012,32
08/02/2013,89
08/02/2014,1
08/03/2004,26
08/03/2005,22
08/03/2006,17
08/03/2007,30
08/03/2009,30
08/03/2010,16
08/03/2011,15
08/03/2012,24
08/03/2013,1
08/03/2014,1
08/04/2003,25
08/04/2004,25
08/04/2005,14
08/04/2006,34
08/04/2008,16
08/04/2009,28
08/04/2010,21
08/04/2011,26
08/04/2012,2
08/04/2014,23
08/05/2002,16
08/05/2003,21
08/05/2004,21
08/05/2005,22
08/05/2008,19
08/05/2009,23
08/05/2010,70
08/05/2011,64
08/05/2013,27
08/05/2014,41
08/06/2001,1
08/06/2002,23
08/06/2003,28
08/06/2004,21
08/06/2007,24
08/06/2008,30
08/06/2009,25
08/06/2010,109
08/06/2011,1
08/06/2012,18
08/06/2013,38
08/06/2014,46
08/07/2001,5
08/07/2002,24
08/07/2003,39
08/07/2006,12
08/07/2007,31
08/07/2008,33
08/07/2009,98
08/07/2010,1
08/07/2012,23
08/07/2013,37
08/07/2014,19
08/08/2000,1
08/08/2001,3
08/08/2002,33
08/08/2003,27
08/08/2005,28
08/08/2006,22
08/08/2007,20
08/08/2008,118
08/08/2009,1
08/08/2011,31
08/08/2012,19
08/08/2013,56
08/08/2014,108
08/09/2002,24
08/09/2004,21
08/09/2005,27
08/09/2006,20
08/09/2007,94
08/09/2010,10
08/09/2011,13
08/09/2012,52
08/09/2013,112
08/10/2004,30
08/10/2005,31
08/10/2006,17
08/10/2007,48
08/10/2009,27
08/10/2010,18
08/10/2011,28
08/10/2012,62
08/10/2014,1
08/11/2003,26
08/11/2004,23
08/11/2005,18
08/11/2006,24
08/11/2008,19
08/11/2009,27
08/11/2010,29
08/11/2011,92
08/11/2014,25
08/12/2002,29
08/12/2003,27
08/12/2004,21
08/12/2005,35
08/12/2008,13
08/12/2009,37
08/12/2010,55
08/12/2011,38
08/12/2013,46
08/12/2014,31
08/13/2001,1
08/13/2002,30
08/13/2003,26
08/13/2004,41
08/13/2007,18
08/13/2008,33
08/13/2009,40
08/13/2010,22
08/13/2012,17
08/13/2013,41
08/13/2014,21
08/14/2001,4
08/14/2002,24
08/14/2003,23
08/14/2006,22
08/14/2007,18
08/14/2008,37
08/14/2009,40
08/14/2010,1
08/14/2012,24
08/14/2013,34
08/14/2014,52
08/15/2000,1
08/15/2001,2
08/15/2002,32
08/15/2003,27
08/15/2005,27
08/15/2006,31
08/15/2007,40
08/15/2008,32
08/15/2011,18
08/15/2012,31
08/15/2013,80
08/15/2014,68
08/16/2001,2
08/16/2002,30
08/16/2004,27
08/16/2005,24
08/16/2006,32
08/16/2007,20
08/16/2010,20
08/16/2011,31
08/16/2012,40
08/16/2013,49
08/17/2001,5
08/17/2004,34
08/17/2005,23
08/17/2006,27
08/17/2007,56
08/17/2010,22
08/17/2011,60
08/17/2012,31
08/18/2000,1
08/18/2003,23
08/18/2004,16
08/18/2005,32
08/18/2006,24
08/18/2008,15
08/18/2009,20
08/18/2010,23
08/18/2011,20
08/18/2012,1
08/18/2014,42
08/19/2002,26
08/19/2003,28
08/19/2004,21
08/19/2005,19
08/19/2008,39
08/19/2009,22
08/19/2010,50
08/19/2011,36
08/19/2013,69
08/19/2014,28
08/20/2001,2
08/20/2002,23
08/20/2003,16
08/20/2004,19
08/20/2005,3
08/20/2007,38
08/20/2008,21
08/20/2009,17
08/20/2010,49
08/20/2011,1
08/20/2012,25
08/20/2013,26
08/20/2014,51
08/21/2001,2
08/21/2002,18
08/21/2003,33
08/21/2006,21
08/21/2007,18
08/21/2008,41
08/21/2009,39
08/21/2012,12
08/21/2013,33
08/21/2014,43
08/22/2001,6
08/22/2002,12
08/22/2003,7
08/22/2005,15
08/22/2006,21
08/22/2007,13
08/22/2008,61
08/22/2011,24
08/22/2012,14
08/22/2013,92
08/22/2014,81
08/23/2002,15
08/23/2004,15
08/23/2005,17
08/23/2006,20
08/23/2007,35
08/23/2010,15
08/23/2011,19
08/23/2012,75
08/23/2013,45
08/24/2001,3
08/24/2004,22
08/24/2005,15
08/24/2006,18
08/24/2007,47
08/24/2009,12
08/24/2010,23
08/24/2011,18
08/24/2012,59
08/24/2013,3
08/24/2014,1
08/25/2003,33
08/25/2004,22
08/25/2005,13
08/25/2006,14
08/25/2008,21
08/25/2009,17
08/25/2010,19
08/25/2011,21
08/25/2013,1
08/25/2014,30
08/26/2002,17
08/26/2003,19
08/26/2004,14
08/26/2005,21
08/26/2008,17
08/26/2009,28
08/26/2010,43
08/26/2011,76
08/26/2012,1
08/26/2013,44
08/26/2014,32
08/27/2001,1
08/27/2002,16
08/27/2003,27
08/27/2004,31
08/27/2007,17
08/27/2008,26
08/27/2009,38
08/27/2010,44
08/27/2012,21
08/27/2013,55
08/27/2014,33
08/28/2001,1
08/28/2002,18
08/28/2003,17
08/28/2006,16
08/28/2007,16
08/28/2008,18
08/28/2009,51
08/28/2010,1
08/28/2012,9
08/28/2013,33
08/28/2014,62
08/29/2002,19
08/29/2003,17
08/29/2005,18
08/29/2006,20
08/29/2007,20
08/29/2008,51
08/29/2011,20
08/29/2012,53
08/29/2013,41
08/29/2014,70
08/30/2000,1
08/30/2001,1
08/30/2002,18
08/30/2004,29
08/30/2005,19
08/30/2006,16
08/30/2007,41
08/30/2010,12
08/30/2011,26
08/30/2012,22
08/30/2013,41
08/31/2004,30
08/31/2005,11
08/31/2006,20
08/31/2007,55
08/31/2009,18
08/31/2010,17
08/31/2011,44
08/31/2012,59
08/31/2013,2
09/01/2004,36
09/01/2005,17
09/01/2006,21
09/01/2009,22
09/01/2010,22
09/01/2011,38
09/02/2003,9
09/02/2004,23
09/02/2005,11
09/02/2008,12
09/02/2009,42
09/02/2010,55
09/02/2011,17
09/02/2013,3
09/02/2014,26
09/03/2002,16
09/03/2003,21
09/03/2004,36
09/03/2008,25
09/03/2009,35
09/03/2010,36
09/03/2012,1
09/03/2013,47
09/03/2014,32
09/04/2002,20
09/04/2003,15
09/04/2007,16
09/04/2008,18
09/04/2009,40
09/04/2012,15
09/04/2013,45
09/04/2014,74
09/05/2001,2
09/05/2002,20
09/05/2003,20
09/05/2006,18
09/05/2007,22
09/05/2008,42
09/05/2012,30
09/05/2013,50
09/05/2014,37
09/06/2001,3
09/06/2002,24
09/06/2005,9
09/06/2006,14
09/06/2007,15
09/06/2011,18
09/06/2012,41
09/06/2013,34
09/06/2014,1
09/07/2004,28
09/07/2005,18
09/07/2006,11
09/07/2007,66
09/07/2010,19
09/07/2011,22
09/07/2012,29
09/07/2013,2
09/08/2003,15
09/08/2004,22
09/08/2005,12
09/08/2006,15
09/08/2008,26
09/08/2009,15
09/08/2010,15
09/08/2011,19
09/08/2013,3
09/08/2014,29
09/09/2002,17
09/09/2003,17
09/09/2004,14
09/09/2005,17
09/09/2008,21
09/09/2009,18
09/09/2010,58
09/09/2011,71
09/09/2012,1
09/09/2013,38
09/09/2014,52
09/10/2001,2
09/10/2002,15
09/10/2003,22
09/10/2004,21
09/10/2007,18
09/10/2008,17
09/10/2009,25
09/10/2010,24
09/10/2011,1
09/10/2012,15
09/10/2013,40
09/10/2014,29
09/11/2002,17
09/11/2003,22
09/11/2006,18
09/11/2007,15
09/11/2008,19
09/11/2009,65
09/11/2012,14
09/11/2013,77
09/11/2014,29
09/12/2001,3
09/12/2002,11
09/12/2003,15
09/12/2005,9
09/12/2006,18
09/12/2007,23
09/12/2008,67
09/12/2011,23
09/12/2012,26
09/12/2013,59
09/12/2014,44
09/13/2001,1
09/13/2002,23
09/13/2004,31
09/13/2005,20
09/13/2006,16
09/13/2007,33
09/13/2010,9
09/13/2011,17
09/13/2012,58
09/13/2013,35
09/14/2004,17
09/14/2005,18
09/14/2006,13
09/14/2007,55
09/14/2009,32
09/14/2010,15
09/14/2011,16
09/14/2012,23
09/14/2013,2
09/15/2003,12
09/15/2004,23
09/15/2005,16
09/15/2006,13
09/15/2008,19
09/15/2009,24
09/15/2010,29
09/15/2011,40
09/15/2013,1
09/15/2014,37
09/16/2002,18
09/16/2003,20
09/16/2004,20
09/16/2005,14
09/16/2008,23
09/16/2009,26
09/16/2010,21
09/16/2011,41
09/16/2013,36
09/16/2014,46
09/17/2002,18
09/17/2003,15
09/17/2004,17
09/17/2007,18
09/17/2008,24
09/17/2009,27
09/17/2010,36
09/17/2012,21
09/17/2013,28
09/17/2014,68
09/18/2002,16
09/18/2003,14
09/18/2006,15
09/18/2007,23
09/18/2008,13
09/18/2009,19
09/18/2012,23
09/18/2013,36
09/18/2014,53
09/19/2002,17
09/19/2003,15
09/19/2005,15
09/19/2006,14
09/19/2007,25
09/19/2008,71
09/19/2011,20
09/19/2012,27
09/19/2013,21
09/19/2014,33
09/20/2001,2
09/20/2002,16
09/20/2004,18
09/20/2005,19
09/20/2006,13
09/20/2007,17
09/20/2008,2
09/20/2010,14
09/20/2011,19
09/20/2012,22
09/20/2013,88
09/21/2004,14
09/21/2005,21
09/21/2006,17
09/21/2007,32
09/21/2009,22
09/21/2010,20
09/21/2011,32
09/21/2012,35
09/21/2013,1
09/22/2003,25
09/22/2004,22
09/22/2005,12
09/22/2006,13
09/22/2008,14
09/22/2009,40
09/22/2010,15
09/22/2011,47
09/22/2014,12
09/23/2002,17
09/23/2003,11
09/23/2004,12
09/23/2005,15
09/23/2008,21
09/23/2009,24
09/23/2010,28
09/23/2011,28
09/23/2012,1
09/23/2013,44
09/23/2014,21
09/24/2002,16
09/24/2003,20
09/24/2004,21
09/24/2007,30
09/24/2008,20
09/24/2009,20
09/24/2010,21
09/24/2012,13
09/24/2013,44
09/24/2014,39
09/25/2001,2
09/25/2002,17
09/25/2003,23
09/25/2006,11
09/25/2007,20
09/25/2008,31
09/25/2009,30
09/25/2012,14
09/25/2013,33
09/25/2014,63
09/26/2001,2
09/26/2002,12
09/26/2003,24
09/26/2005,9
09/26/2006,20
09/26/2007,36
09/26/2008,41
09/26/2011,28
09/26/2012,28
09/26/2013,30
09/26/2014,36
09/27/2001,4
09/27/2002,14
09/27/2004,22
09/27/2005,12
09/27/2006,8
09/27/2007,29
09/27/2010,21
09/27/2011,15
09/27/2012,40
09/27/2013,56
09/28/2001,1
09/28/2004,15
09/28/2005,15
09/28/2006,15
09/28/2007,35
09/28/2009,25
09/28/2010,36
09/28/2011,17
09/28/2012,17
09/29/2003,16
09/29/2004,11
09/29/2005,14
09/29/2006,14
09/29/2008,24
09/29/2009,14
09/29/2010,23
09/29/2011,28
09/29/2012,1
09/29/2014,29
09/30/2002,11
09/30/2003,17
09/30/2004,48
09/30/2005,9
09/30/2008,18
09/30/2009,33
09/30/2010,19
09/30/2011,46
09/30/2012,1
09/30/2013,28
09/30/2014,30
10/01/2002,28
10/01/2003,38
10/01/2004,50
10/01/2007,15
10/01/2008,22
10/01/2009,22
10/01/2010,28
10/01/2012,13
10/01/2013,35
10/01/2014,42
10/02/2001,5
10/02/2002,26
10/02/2003,31
10/02/2006,34
10/02/2007,24
10/02/2008,18
10/02/2009,24
10/02/2010,2
10/02/2012,24
10/02/2013,36
10/02/2014,55
10/03/2001,3
10/03/2002,23
10/03/2003,14
10/03/2005,43
10/03/2006,18
10/03/2007,41
10/03/2008,26
10/03/2009,1
10/03/2011,43
10/03/2012,10
10/03/2013,31
10/03/2014,33
10/04/2001,2
10/04/2002,25
10/04/2004,34
10/04/2005,20
10/04/2006,29
10/04/2007,21
10/04/2010,33
10/04/2011,26
10/04/2012,21
10/04/2013,23
10/04/2014,1
10/05/2001,8
10/05/2002,2
10/05/2004,25
10/05/2005,23
10/05/2006,19
10/05/2007,27
10/05/2009,27
10/05/2010,12
10/05/2011,18
10/05/2012,24
10/05/2013,1
10/05/2014,1
10/06/2003,22
10/06/2004,22
10/06/2005,15
10/06/2006,26
10/06/2008,31
10/06/2009,20
10/06/2010,11
10/06/2011,15
10/06/2012,1
10/06/2013,2
10/06/2014,29
10/07/2002,22
10/07/2003,23
10/07/2004,22
10/07/2005,15
10/07/2008,20
10/07/2009,13
10/07/2010,20
10/07/2011,15
10/07/2013,38
10/07/2014,25
10/08/2002,15
10/08/2003,24
10/08/2004,28
10/08/2008,20
10/08/2009,32
10/08/2010,29
10/08/2012,1
10/08/2013,36
10/08/2014,39
10/09/2001,4
10/09/2002,12
10/09/2003,8
10/09/2007,20
10/09/2008,18
10/09/2009,22
10/09/2011,2
10/09/2012,9
10/09/2013,37
10/09/2014,27
10/10/2001,2
10/10/2002,13
10/10/2003,23
10/10/2006,18
10/10/2007,15
10/10/2008,23
10/10/2011,1
10/10/2012,9
10/10/2013,34
10/10/2014,25
10/11/2000,1
10/11/2001,6
10/11/2002,28
10/11/2005,24
10/11/2006,20
10/11/2007,37
10/11/2011,16
10/11/2012,10
10/11/2013,29
10/11/2014,1
10/12/2001,3
10/12/2002,3
10/12/2004,16
10/12/2005,16
10/12/2006,23
10/12/2007,29
10/12/2010,15
10/12/2011,16
10/12/2012,22
10/12/2013,1
10/13/2004,11
10/13/2005,27
10/13/2006,13
10/13/2007,1
10/13/2008,1
10/13/2009,20
10/13/2010,16
10/13/2011,21
10/13/2013,1
10/13/2014,2
10/14/2003,27
10/14/2004,22
10/14/2005,17
10/14/2008,21
10/14/2009,26
10/14/2010,14
10/14/2011,24
10/14/2013,8
10/14/2014,36
10/15/2001,5
10/15/2002,9
10/15/2003,19
10/15/2004,21
10/15/2007,15
10/15/2008,15
10/15/2009,16
10/15/2010,17
10/15/2012,15
10/15/2013,45
10/15/2014,33
10/16/2002,25
10/16/2003,15
10/16/2006,14
10/16/2007,18
10/16/2008,17
10/16/2009,32
10/16/2012,16
10/16/2013,25
10/16/2014,35
10/17/2001,3
10/17/2002,14
10/17/2003,27
10/17/2005,10
10/17/2006,19
10/17/2007,10
10/17/2008,28
10/17/2011,24
10/17/2012,19
10/17/2013,46
10/17/2014,31
10/18/2002,9
10/18/2004,22
10/18/2005,20
10/18/2006,15
10/18/2007,23
10/18/2009,1
10/18/2010,9
10/18/2011,24
10/18/2012,18
10/18/2013,32
10/18/2014,5
10/19/2001,1
10/19/2004,27
10/19/2005,22
10/19/2006,9
10/19/2007,31
10/19/2009,16
10/19/2010,26
10/19/2011,14
10/19/2012,7
10/19/2013,1
10/19/2014,3
10/20/2003,21
10/20/2004,19
10/20/2005,17
10/20/2006,9
10/20/2008,14
10/20/2009,17
10/20/2010,19
10/20/2011,19
10/20/2014,28
10/21/2002,16
10/21/2003,21
10/21/2004,19
10/21/2005,22
10/21/2008,7
10/21/2009,13
10/21/2010,18
10/21/2011,18
10/21/2013,27
10/21/2014,30
10/22/2001,3
10/22/2002,13
10/22/2003,13
10/22/2004,29
10/22/2007,13
10/22/2008,24
10/22/2009,21
10/22/2010,21
10/22/2012,12
10/22/2013,25
10/22/2014,23
10/23/2001,1
10/23/2002,28
10/23/2003,17
10/23/2006,15
10/23/2007,16
10/23/2008,16
10/23/2009,21
10/23/2012,10
10/23/2013,24
10/23/2014,30
10/24/2001,1
10/24/2002,14
10/24/2003,11
10/24/2005,20
10/24/2006,23
10/24/2007,14
10/24/2008,15
10/24/2009,1
10/24/2011,20
10/24/2012,18
10/24/2013,36
10/24/2014,28
10/25/2001,2
10/25/2002,14
10/25/2004,31
10/25/2005,21
10/25/2006,14
10/25/2007,15
10/25/2009,1
10/25/2010,20
10/25/2011,15
10/25/2012,21
10/25/2013,27
10/25/2014,2
10/26/2001,1
10/26/2004,18
10/26/2005,19
10/26/2006,12
10/26/2007,24
10/26/2009,26
10/26/2010,13
10/26/2011,33
10/26/2012,15
10/27/2003,13
10/27/2004,22
10/27/2005,17
10/27/2006,12
10/27/2008,20
10/27/2009,12
10/27/2010,15
10/27/2011,20
10/27/2013,2
10/27/2014,26
10/28/2002,11
10/28/2003,14
10/28/2004,21
10/28/2005,14
10/28/2008,13
10/28/2009,21
10/28/2010,24
10/28/2011,10
10/28/2013,34
10/28/2014,29
10/29/2001,2
10/29/2002,28
10/29/2003,13
10/29/2004,18
10/29/2007,17
10/29/2008,16
10/29/2009,16
10/29/2010,14
10/29/2011,1
10/29/2012,13
10/29/2013,32
10/29/2014,25
10/30/2000,1
10/30/2001,2
10/30/2002,16
10/30/2003,21
10/30/2006,17
10/30/2007,30
10/30/2008,24
10/30/2009,16
10/30/2010,1
10/30/2012,12
10/30/2013,15
10/30/2014,45
10/31/2001,1
10/31/2002,22
10/31/2003,18
10/31/2005,21
10/31/2006,17
10/31/2007,15
10/31/2008,18
10/31/2009,2
10/31/2011,10
10/31/2012,10
10/31/2013,30
10/31/2014,23
11/01/2001,4
11/01/2002,23
11/01/2004,10
11/01/2005,19
11/01/2006,5
11/01/2007,19
11/01/2009,3
11/01/2010,14
11/01/2011,14
11/01/2012,21
11/01/2013,19
11/01/2014,2
11/02/2001,5
11/02/2004,14
11/02/2005,21
11/02/2006,20
11/02/2007,18
11/02/2009,16
11/02/2010,7
11/02/2011,18
11/02/2012,17
11/02/2013,1
11/03/2003,15
11/03/2004,18
11/03/2005,17
11/03/2006,18
11/03/2008,32
11/03/2009,11
11/03/2010,16
11/03/2011,19
11/03/2013,2
11/03/2014,27
11/04/2002,18
11/04/2003,20
11/04/2004,15
11/04/2005,12
11/04/2008,13
11/04/2009,20
11/04/2010,10
11/04/2011,11
11/04/2012,1
11/04/2013,39
11/04/2014,28
11/05/2001,3
11/05/2002,14
11/05/2003,15
11/05/2004,14
11/05/2007,25
11/05/2008,18
11/05/2009,18
11/05/2010,30
11/05/2011,2
11/05/2012,16
11/05/2013,35
11/05/2014,42
11/06/2001,2
11/06/2002,27
11/06/2003,12
11/06/2006,14
11/06/2007,17
11/06/2008,17
11/06/2009,16
11/06/2011,2
11/06/2012,2
11/06/2013,38
11/06/2014,24
11/07/2000,1
11/07/2001,1
11/07/2002,24
11/07/2003,16
11/07/2005,17
11/07/2006,11
11/07/2007,14
11/07/2008,15
11/07/2010,1
11/07/2011,13
11/07/2012,22
11/07/2013,28
11/07/2014,25
11/08/2001,4
11/08/2002,25
11/08/2004,4
11/08/2005,15
11/08/2006,16
11/08/2007,16
11/08/2009,1
11/08/2010,13
11/08/2011,16
11/08/2012,16
11/08/2013,33
11/08/2014,2
11/09/2001,2
11/09/2004,18
11/09/2005,11
11/09/2006,21
11/09/2007,19
11/09/2009,32
11/09/2010,14
11/09/2011,12
11/09/2012,18
11/10/2003,7
11/10/2004,13
11/10/2005,16
11/10/2008,26
11/10/2009,21
11/10/2010,16
11/10/2011,29
11/10/2013,1
11/10/2014,21
11/11/2009,3
11/11/2010,2
11/11/2013,6
11/11/2014,3
11/12/2002,40
11/12/2003,19
11/12/2004,28
11/12/2008,13
11/12/2009,30
11/12/2010,15
11/12/2012,1
11/12/2013,26
11/12/2014,32
11/13/2000,1
11/13/2001,2
11/13/2002,20
11/13/2003,14
11/13/2007,32
11/13/2008,22
11/13/2009,14
11/13/2012,19
11/13/2013,33
11/13/2014,36
11/14/2002,20
11/14/2003,10
11/14/2005,11
11/14/2006,21
11/14/2007,24
11/14/2008,12
11/14/2009,1
11/14/2010,1
11/14/2011,13
11/14/2012,20
11/14/2013,34
11/14/2014,28
11/15/2002,26
11/15/2004,17
11/15/2005,27
11/15/2006,14
11/15/2007,15
11/15/2009,1
11/15/2010,13
11/15/2011,23
11/15/2012,15
11/15/2013,41
11/15/2014,1
11/16/2001,7
11/16/2004,11
11/16/2005,21
11/16/2006,14
11/16/2007,77
11/16/2009,21
11/16/2010,27
11/16/2011,25
11/16/2012,24
11/16/2013,1
11/17/2000,1
11/17/2003,13
11/17/2004,23
11/17/2005,9
11/17/2006,20
11/17/2008,19
11/17/2009,21
11/17/2010,14
11/17/2011,13
11/17/2014,28
11/18/2000,1
11/18/2002,26
11/18/2003,17
11/18/2004,17
11/18/2005,6
11/18/2008,17
11/18/2009,19
11/18/2010,20
11/18/2011,18
11/18/2013,30
11/18/2014,26
11/19/2001,5
11/19/2002,16
11/19/2003,14
11/19/2004,14
11/19/2007,15
11/19/2008,9
11/19/2009,13
11/19/2010,11
11/19/2012,14
11/19/2013,21
11/19/2014,32
11/20/2001,4
11/20/2002,11
11/20/2003,12
11/20/2006,27
11/20/2007,29
11/20/2008,53
11/20/2009,28
11/20/2012,27
11/20/2013,28
11/20/2014,48
11/21/2001,3
11/21/2002,18
11/21/2003,13
11/21/2005,3
11/21/2006,28
11/21/2007,15
11/21/2008,17
11/21/2011,18
11/21/2012,20
11/21/2013,31
11/21/2014,31
11/22/2002,16
11/22/2004,14
11/22/2005,14
11/22/2006,18
11/22/2010,46
11/22/2011,32
11/22/2013,31
11/22/2014,1
11/23/2004,21
11/23/2005,13
11/23/2007,12
11/23/2009,15
11/23/2010,16
11/23/2011,12
11/23/2012,5
11/24/2003,13
11/24/2004,19
11/24/2006,10
11/24/2008,32
11/24/2009,14
11/24/2010,8
11/24/2011,1
11/24/2014,33
11/25/2002,15
11/25/2003,10
11/25/2005,9
11/25/2008,43
11/25/2009,41
11/25/2011,3
11/25/2013,30
11/25/2014,27
11/26/2001,1
11/26/2002,9
11/26/2003,19
11/26/2004,10
11/26/2007,16
11/26/2008,18
11/26/2010,3
11/26/2011,2
11/26/2012,24
11/26/2013,31
11/26/2014,18
11/27/2001,2
11/27/2002,12
11/27/2006,19
11/27/2007,17
11/27/2011,1
11/27/2012,8
11/27/2013,20
11/28/2001,1
11/28/2003,5
11/28/2005,12
11/28/2006,14
11/28/2007,15
11/28/2008,1
11/28/2011,16
11/28/2012,14
11/28/2013,1
11/28/2014,8
11/29/2001,1
11/29/2002,10
11/29/2004,13
11/29/2005,8
11/29/2006,18
11/29/2007,6
11/29/2010,15
11/29/2011,15
11/29/2012,12
11/29/2013,6
11/30/2001,2
11/30/2004,8
11/30/2005,10
11/30/2006,9
11/30/2007,44
11/30/2009,18
11/30/2010,15
11/30/2011,16
11/30/2012,7
11/30/2013,3
12/01/2003,9
12/01/2004,16
12/01/2005,4
12/01/2006,12
12/01/2008,10
12/01/2009,12
12/01/2010,11
12/01/2011,12
12/01/2014,18
12/02/2002,13
12/02/2003,18
12/02/2004,14
12/02/2005,8
12/02/2008,11
12/02/2009,11
12/02/2010,18
12/02/2011,26
12/02/2013,15
12/02/2014,19
12/03/2001,4
12/03/2002,16
12/03/2003,10
12/03/2004,10
12/03/2007,11
12/03/2008,15
12/03/2009,16
12/03/2010,18
12/03/2011,1
12/03/2012,11
12/03/2013,25
12/03/2014,23
12/04/2001,2
12/04/2002,9
12/04/2003,15
12/04/2006,12
12/04/2007,7
12/04/2008,13
12/04/2009,14
12/04/2012,14
12/04/2013,26
12/04/2014,23
12/05/2001,1
12/05/2002,13
12/05/2003,17
12/05/2005,10
12/05/2006,12
12/05/2007,11
12/05/2008,13
12/05/2011,5
12/05/2012,8
12/05/2013,22
12/05/2014,21
12/06/2000,1
12/06/2001,1
12/06/2002,8
12/06/2004,18
12/06/2005,12
12/06/2006,16
12/06/2007,12
12/06/2010,13
12/06/2011,16
12/06/2012,18
12/06/2013,22
12/07/2001,5
12/07/2004,11
12/07/2005,13
12/07/2006,10
12/07/2007,15
12/07/2009,14
12/07/2010,16
12/07/2011,14
12/07/2012,14
12/07/2013,1
12/08/2003,13
12/08/2004,16
12/08/2005,6
12/08/2006,7
12/08/2008,11
12/08/2009,8
12/08/2010,13
12/08/2011,14
12/08/2013,2
12/08/2014,23
12/09/2002,17
12/09/2003,16
12/09/2004,15
12/09/2005,6
12/09/2006,1
12/09/2008,9
12/09/2009,9
12/09/2010,21
12/09/2011,16
12/09/2013,20
12/09/2014,32
12/10/2001,6
12/10/2002,13
12/10/2003,9
12/10/2004,7
12/10/2007,11
12/10/2008,9
12/10/2009,13
12/10/2010,15
12/10/2012,9
12/10/2013,23
12/10/2014,16
12/11/2001,2
12/11/2002,17
12/11/2003,5
12/11/2006,15
12/11/2007,11
12/11/2008,15
12/11/2009,12
12/11/2010,1
12/11/2011,1
12/11/2012,13
12/11/2013,17
12/11/2014,28
12/12/2001,4
12/12/2002,12
12/12/2003,9
12/12/2005,10
12/12/2006,16
12/12/2007,7
12/12/2008,9
12/12/2011,14
12/12/2012,7
12/12/2013,41
12/12/2014,23
12/13/2000,1
12/13/2001,1
12/13/2002,12
12/13/2004,8
12/13/2005,4
12/13/2006,15
12/13/2007,13
12/13/2010,9
12/13/2011,13
12/13/2012,12
12/13/2013,37
12/13/2014,1
12/14/2000,1
12/14/2004,9
12/14/2005,7
12/14/2006,9
12/14/2007,20
12/14/2008,1
12/14/2009,13
12/14/2010,18
12/14/2011,12
12/14/2012,24
12/14/2013,1
12/15/2003,15
12/15/2004,5
12/15/2005,10
12/15/2006,11
12/15/2007,2
12/15/2008,22
12/15/2009,25
12/15/2010,8
12/15/2011,7
12/15/2014,20
12/16/2002,10
12/16/2003,5
12/16/2004,13
12/16/2005,6
12/16/2008,5
12/16/2009,13
12/16/2010,15
12/16/2011,9
12/16/2013,15
12/16/2014,25
12/17/2001,2
12/17/2002,14
12/17/2003,11
12/17/2004,17
12/17/2007,10
12/17/2008,6
12/17/2009,17
12/17/2010,15
12/17/2011,2
12/17/2012,5
12/17/2013,27
12/17/2014,21
12/18/2001,5
12/18/2002,11
12/18/2003,22
12/18/2006,14
12/18/2007,19
12/18/2008,13
12/18/2009,21
12/18/2010,2
12/18/2012,16
12/18/2013,27
12/18/2014,19
12/19/2001,6
12/19/2002,7
12/19/2003,9
12/19/2005,9
12/19/2006,8
12/19/2007,10
12/19/2008,12
12/19/2011,10
12/19/2012,16
12/19/2013,16
12/19/2014,26
12/20/2001,3
12/20/2002,7
12/20/2004,7
12/20/2005,5
12/20/2006,11
12/20/2007,11
12/20/2010,12
12/20/2011,15
12/20/2012,7
12/20/2013,22
12/21/2001,4
12/21/2004,10
12/21/2005,10
12/21/2006,19
12/21/2007,11
12/21/2009,7
12/21/2010,10
12/21/2011,8
12/21/2012,11
12/21/2014,1
12/22/2001,1
12/22/2003,11
12/22/2004,9
12/22/2005,5
12/22/2006,8
12/22/2008,12
12/22/2009,33
12/22/2010,7
12/22/2011,2
12/22/2014,24
12/23/2002,13
12/23/2003,10
12/23/2004,6
12/23/2005,5
12/23/2008,9
12/23/2009,11
12/23/2010,3
12/23/2011,5
12/23/2013,23
12/23/2014,20
12/24/2002,3
12/24/2003,2
12/24/2007,7
12/24/2009,2
12/24/2010,1
12/24/2012,2
12/24/2013,9
12/24/2014,6
12/25/2014,1
12/26/2002,8
12/26/2003,4
12/26/2006,7
12/26/2007,11
12/26/2008,5
12/26/2011,1
12/26/2012,10
12/26/2013,27
12/26/2014,16
12/27/2002,7
12/27/2004,5
12/27/2005,9
12/27/2006,11
12/27/2007,15
12/27/2010,10
12/27/2011,3
12/27/2012,6
12/27/2013,9
12/28/2001,9
12/28/2004,6
12/28/2005,7
12/28/2006,15
12/28/2007,10
12/28/2009,12
12/28/2010,12
12/28/2011,16
12/28/2012,7
12/28/2013,1
12/28/2014,3
12/29/2003,5
12/29/2004,6
12/29/2005,9
12/29/2006,16
12/29/2008,6
12/29/2009,14
12/29/2010,17
12/29/2011,7
12/29/2014,16
12/30/2002,2
12/30/2003,9
12/30/2004,9
12/30/2005,9
12/30/2008,13
12/30/2009,6
12/30/2010,8
12/30/2011,4
12/30/2013,21
12/30/2014,13
12/31/2001,5
12/31/2002,8
12/31/2003,12
12/31/2007,13
12/31/2008,19
12/31/2009,9
12/31/2011,1
12/31/2012,9
12/31/2013,10
12/31/2014,16
